Line ID,Station ID,Station Name,Direction,Timetable
L01,S017,Holly Lane of Blue Line,Direction Holly Lane - Elm Street,"L01-S017-05:00, L01-S017-05:05, L01-S017-05:10, L01-S017-05:15, L01-S017-05:20, L01-S017-05:25, L01-S017-05:30, L01-S017-05:35, L01-S017-05:40, L01-S017-05:45, L01-S017-05:50, L01-S017-05:55, L01-S017-06:00, L01-S017-06:05, L01-S017-06:10, L01-S017-06:15, L01-S017-06:20, L01-S017-06:25, L01-S017-06:30, L01-S017-06:35, L01-S017-06:40, L01-S017-06:45, L01-S017-06:50, L01-S017-06:55, L01-S017-07:00, L01-S017-07:05, L01-S017-07:10, L01-S017-07:15, L01-S017-07:20, L01-S017-07:25, L01-S017-07:30, L01-S017-07:35, L01-S017-07:40, L01-S017-07:45, L01-S017-07:50, L01-S017-07:55, L01-S017-08:00, L01-S017-08:05, L01-S017-08:10, L01-S017-08:15, L01-S017-08:20, L01-S017-08:25, L01-S017-08:30, L01-S017-08:35, L01-S017-08:40, L01-S017-08:45, L01-S017-08:50, L01-S017-08:55, L01-S017-09:00, L01-S017-09:05, L01-S017-09:10, L01-S017-09:15, L01-S017-09:20, L01-S017-09:25, L01-S017-09:30, L01-S017-09:35, L01-S017-09:40, L01-S017-09:45, L01-S017-09:50, L01-S017-09:55, L01-S017-10:00, L01-S017-10:05, L01-S017-10:10, L01-S017-10:15, L01-S017-10:20, L01-S017-10:25, L01-S017-10:30, L01-S017-10:35, L01-S017-10:40, L01-S017-10:45, L01-S017-10:50, L01-S017-10:55, L01-S017-11:00, L01-S017-11:05, L01-S017-11:10, L01-S017-11:15, L01-S017-11:20, L01-S017-11:25, L01-S017-11:30, L01-S017-11:35, L01-S017-11:40, L01-S017-11:45, L01-S017-11:50, L01-S017-11:55, L01-S017-12:00, L01-S017-12:05, L01-S017-12:10, L01-S017-12:15, L01-S017-12:20, L01-S017-12:25, L01-S017-12:30, L01-S017-12:35, L01-S017-12:40, L01-S017-12:45, L01-S017-12:50, L01-S017-12:55, L01-S017-13:00, L01-S017-13:05, L01-S017-13:10, L01-S017-13:15, L01-S017-13:20, L01-S017-13:25, L01-S017-13:30, L01-S017-13:35, L01-S017-13:40, L01-S017-13:45, L01-S017-13:50, L01-S017-13:55, L01-S017-14:00, L01-S017-14:05, L01-S017-14:10, L01-S017-14:15, L01-S017-14:20, L01-S017-14:25, L01-S017-14:30, L01-S017-14:35, L01-S017-14:40, L01-S017-14:45, L01-S017-14:50, L01-S017-14:55, L01-S017-15:00, L01-S017-15:05, L01-S017-15:10, L01-S017-15:15, L01-S017-15:20, L01-S017-15:25, L01-S017-15:30, L01-S017-15:35, L01-S017-15:40, L01-S017-15:45, L01-S017-15:50, L01-S017-15:55, L01-S017-16:00, L01-S017-16:05, L01-S017-16:10, L01-S017-16:15, L01-S017-16:20, L01-S017-16:25, L01-S017-16:30, L01-S017-16:35, L01-S017-16:40, L01-S017-16:45, L01-S017-16:50, L01-S017-16:55, L01-S017-17:00, L01-S017-17:05, L01-S017-17:10, L01-S017-17:15, L01-S017-17:20, L01-S017-17:25, L01-S017-17:30, L01-S017-17:35, L01-S017-17:40, L01-S017-17:45, L01-S017-17:50, L01-S017-17:55, L01-S017-18:00, L01-S017-18:05, L01-S017-18:10, L01-S017-18:15, L01-S017-18:20, L01-S017-18:25, L01-S017-18:30, L01-S017-18:35, L01-S017-18:40, L01-S017-18:45, L01-S017-18:50, L01-S017-18:55, L01-S017-19:00, L01-S017-19:05, L01-S017-19:10, L01-S017-19:15, L01-S017-19:20, L01-S017-19:25, L01-S017-19:30, L01-S017-19:35, L01-S017-19:40, L01-S017-19:45, L01-S017-19:50, L01-S017-19:55, L01-S017-20:00, L01-S017-20:05, L01-S017-20:10, L01-S017-20:15, L01-S017-20:20, L01-S017-20:25, L01-S017-20:30, L01-S017-20:35, L01-S017-20:40, L01-S017-20:45, L01-S017-20:50, L01-S017-20:55, L01-S017-21:00, L01-S017-21:05, L01-S017-21:10, L01-S017-21:15, L01-S017-21:20, L01-S017-21:25, L01-S017-21:30, L01-S017-21:35, L01-S017-21:40, L01-S017-21:45, L01-S017-21:50, L01-S017-21:55, L01-S017-22:00, L01-S017-22:05, L01-S017-22:10, L01-S017-22:15, L01-S017-22:20, L01-S017-22:25, L01-S017-22:30, L01-S017-22:35, L01-S017-22:40, L01-S017-22:45, L01-S017-22:50, L01-S017-22:55, L01-S017-23:00, L01-S017-23:05, L01-S017-23:10, L01-S017-23:15, L01-S017-23:20, L01-S017-23:25, L01-S017-23:30, L01-S017-23:35, L01-S017-23:40, L01-S017-23:45, L01-S017-23:50, L01-S017-23:55"
L01,S010,Rose Garden of Blue Line,Direction Holly Lane - Elm Street,"L01-S010-05:05, L01-S010-05:10, L01-S010-05:15, L01-S010-05:20, L01-S010-05:25, L01-S010-05:30, L01-S010-05:35, L01-S010-05:40, L01-S010-05:45, L01-S010-05:50, L01-S010-05:55, L01-S010-06:00, L01-S010-06:05, L01-S010-06:10, L01-S010-06:15, L01-S010-06:20, L01-S010-06:25, L01-S010-06:30, L01-S010-06:35, L01-S010-06:40, L01-S010-06:45, L01-S010-06:50, L01-S010-06:55, L01-S010-07:00, L01-S010-07:05, L01-S010-07:10, L01-S010-07:15, L01-S010-07:20, L01-S010-07:25, L01-S010-07:30, L01-S010-07:35, L01-S010-07:40, L01-S010-07:45, L01-S010-07:50, L01-S010-07:55, L01-S010-08:00, L01-S010-08:05, L01-S010-08:10, L01-S010-08:15, L01-S010-08:20, L01-S010-08:25, L01-S010-08:30, L01-S010-08:35, L01-S010-08:40, L01-S010-08:45, L01-S010-08:50, L01-S010-08:55, L01-S010-09:00, L01-S010-09:05, L01-S010-09:10, L01-S010-09:15, L01-S010-09:20, L01-S010-09:25, L01-S010-09:30, L01-S010-09:35, L01-S010-09:40, L01-S010-09:45, L01-S010-09:50, L01-S010-09:55, L01-S010-10:00, L01-S010-10:05, L01-S010-10:10, L01-S010-10:15, L01-S010-10:20, L01-S010-10:25, L01-S010-10:30, L01-S010-10:35, L01-S010-10:40, L01-S010-10:45, L01-S010-10:50, L01-S010-10:55, L01-S010-11:00, L01-S010-11:05, L01-S010-11:10, L01-S010-11:15, L01-S010-11:20, L01-S010-11:25, L01-S010-11:30, L01-S010-11:35, L01-S010-11:40, L01-S010-11:45, L01-S010-11:50, L01-S010-11:55, L01-S010-12:00, L01-S010-12:05, L01-S010-12:10, L01-S010-12:15, L01-S010-12:20, L01-S010-12:25, L01-S010-12:30, L01-S010-12:35, L01-S010-12:40, L01-S010-12:45, L01-S010-12:50, L01-S010-12:55, L01-S010-13:00, L01-S010-13:05, L01-S010-13:10, L01-S010-13:15, L01-S010-13:20, L01-S010-13:25, L01-S010-13:30, L01-S010-13:35, L01-S010-13:40, L01-S010-13:45, L01-S010-13:50, L01-S010-13:55, L01-S010-14:00, L01-S010-14:05, L01-S010-14:10, L01-S010-14:15, L01-S010-14:20, L01-S010-14:25, L01-S010-14:30, L01-S010-14:35, L01-S010-14:40, L01-S010-14:45, L01-S010-14:50, L01-S010-14:55, L01-S010-15:00, L01-S010-15:05, L01-S010-15:10, L01-S010-15:15, L01-S010-15:20, L01-S010-15:25, L01-S010-15:30, L01-S010-15:35, L01-S010-15:40, L01-S010-15:45, L01-S010-15:50, L01-S010-15:55, L01-S010-16:00, L01-S010-16:05, L01-S010-16:10, L01-S010-16:15, L01-S010-16:20, L01-S010-16:25, L01-S010-16:30, L01-S010-16:35, L01-S010-16:40, L01-S010-16:45, L01-S010-16:50, L01-S010-16:55, L01-S010-17:00, L01-S010-17:05, L01-S010-17:10, L01-S010-17:15, L01-S010-17:20, L01-S010-17:25, L01-S010-17:30, L01-S010-17:35, L01-S010-17:40, L01-S010-17:45, L01-S010-17:50, L01-S010-17:55, L01-S010-18:00, L01-S010-18:05, L01-S010-18:10, L01-S010-18:15, L01-S010-18:20, L01-S010-18:25, L01-S010-18:30, L01-S010-18:35, L01-S010-18:40, L01-S010-18:45, L01-S010-18:50, L01-S010-18:55, L01-S010-19:00, L01-S010-19:05, L01-S010-19:10, L01-S010-19:15, L01-S010-19:20, L01-S010-19:25, L01-S010-19:30, L01-S010-19:35, L01-S010-19:40, L01-S010-19:45, L01-S010-19:50, L01-S010-19:55, L01-S010-20:00, L01-S010-20:05, L01-S010-20:10, L01-S010-20:15, L01-S010-20:20, L01-S010-20:25, L01-S010-20:30, L01-S010-20:35, L01-S010-20:40, L01-S010-20:45, L01-S010-20:50, L01-S010-20:55, L01-S010-21:00, L01-S010-21:05, L01-S010-21:10, L01-S010-21:15, L01-S010-21:20, L01-S010-21:25, L01-S010-21:30, L01-S010-21:35, L01-S010-21:40, L01-S010-21:45, L01-S010-21:50, L01-S010-21:55, L01-S010-22:00, L01-S010-22:05, L01-S010-22:10, L01-S010-22:15, L01-S010-22:20, L01-S010-22:25, L01-S010-22:30, L01-S010-22:35, L01-S010-22:40, L01-S010-22:45, L01-S010-22:50, L01-S010-22:55, L01-S010-23:00, L01-S010-23:05, L01-S010-23:10, L01-S010-23:15, L01-S010-23:20, L01-S010-23:25, L01-S010-23:30, L01-S010-23:35, L01-S010-23:40, L01-S010-23:45, L01-S010-23:50, L01-S010-23:55, L01-S010-00:00"
L01,S05,Pine Tree of Blue Line,Direction Holly Lane - Elm Street,"L01-S05-05:10, L01-S05-05:15, L01-S05-05:20, L01-S05-05:25, L01-S05-05:30, L01-S05-05:35, L01-S05-05:40, L01-S05-05:45, L01-S05-05:50, L01-S05-05:55, L01-S05-06:00, L01-S05-06:05, L01-S05-06:10, L01-S05-06:15, L01-S05-06:20, L01-S05-06:25, L01-S05-06:30, L01-S05-06:35, L01-S05-06:40, L01-S05-06:45, L01-S05-06:50, L01-S05-06:55, L01-S05-07:00, L01-S05-07:05, L01-S05-07:10, L01-S05-07:15, L01-S05-07:20, L01-S05-07:25, L01-S05-07:30, L01-S05-07:35, L01-S05-07:40, L01-S05-07:45, L01-S05-07:50, L01-S05-07:55, L01-S05-08:00, L01-S05-08:05, L01-S05-08:10, L01-S05-08:15, L01-S05-08:20, L01-S05-08:25, L01-S05-08:30, L01-S05-08:35, L01-S05-08:40, L01-S05-08:45, L01-S05-08:50, L01-S05-08:55, L01-S05-09:00, L01-S05-09:05, L01-S05-09:10, L01-S05-09:15, L01-S05-09:20, L01-S05-09:25, L01-S05-09:30, L01-S05-09:35, L01-S05-09:40, L01-S05-09:45, L01-S05-09:50, L01-S05-09:55, L01-S05-10:00, L01-S05-10:05, L01-S05-10:10, L01-S05-10:15, L01-S05-10:20, L01-S05-10:25, L01-S05-10:30, L01-S05-10:35, L01-S05-10:40, L01-S05-10:45, L01-S05-10:50, L01-S05-10:55, L01-S05-11:00, L01-S05-11:05, L01-S05-11:10, L01-S05-11:15, L01-S05-11:20, L01-S05-11:25, L01-S05-11:30, L01-S05-11:35, L01-S05-11:40, L01-S05-11:45, L01-S05-11:50, L01-S05-11:55, L01-S05-12:00, L01-S05-12:05, L01-S05-12:10, L01-S05-12:15, L01-S05-12:20, L01-S05-12:25, L01-S05-12:30, L01-S05-12:35, L01-S05-12:40, L01-S05-12:45, L01-S05-12:50, L01-S05-12:55, L01-S05-13:00, L01-S05-13:05, L01-S05-13:10, L01-S05-13:15, L01-S05-13:20, L01-S05-13:25, L01-S05-13:30, L01-S05-13:35, L01-S05-13:40, L01-S05-13:45, L01-S05-13:50, L01-S05-13:55, L01-S05-14:00, L01-S05-14:05, L01-S05-14:10, L01-S05-14:15, L01-S05-14:20, L01-S05-14:25, L01-S05-14:30, L01-S05-14:35, L01-S05-14:40, L01-S05-14:45, L01-S05-14:50, L01-S05-14:55, L01-S05-15:00, L01-S05-15:05, L01-S05-15:10, L01-S05-15:15, L01-S05-15:20, L01-S05-15:25, L01-S05-15:30, L01-S05-15:35, L01-S05-15:40, L01-S05-15:45, L01-S05-15:50, L01-S05-15:55, L01-S05-16:00, L01-S05-16:05, L01-S05-16:10, L01-S05-16:15, L01-S05-16:20, L01-S05-16:25, L01-S05-16:30, L01-S05-16:35, L01-S05-16:40, L01-S05-16:45, L01-S05-16:50, L01-S05-16:55, L01-S05-17:00, L01-S05-17:05, L01-S05-17:10, L01-S05-17:15, L01-S05-17:20, L01-S05-17:25, L01-S05-17:30, L01-S05-17:35, L01-S05-17:40, L01-S05-17:45, L01-S05-17:50, L01-S05-17:55, L01-S05-18:00, L01-S05-18:05, L01-S05-18:10, L01-S05-18:15, L01-S05-18:20, L01-S05-18:25, L01-S05-18:30, L01-S05-18:35, L01-S05-18:40, L01-S05-18:45, L01-S05-18:50, L01-S05-18:55, L01-S05-19:00, L01-S05-19:05, L01-S05-19:10, L01-S05-19:15, L01-S05-19:20, L01-S05-19:25, L01-S05-19:30, L01-S05-19:35, L01-S05-19:40, L01-S05-19:45, L01-S05-19:50, L01-S05-19:55, L01-S05-20:00, L01-S05-20:05, L01-S05-20:10, L01-S05-20:15, L01-S05-20:20, L01-S05-20:25, L01-S05-20:30, L01-S05-20:35, L01-S05-20:40, L01-S05-20:45, L01-S05-20:50, L01-S05-20:55, L01-S05-21:00, L01-S05-21:05, L01-S05-21:10, L01-S05-21:15, L01-S05-21:20, L01-S05-21:25, L01-S05-21:30, L01-S05-21:35, L01-S05-21:40, L01-S05-21:45, L01-S05-21:50, L01-S05-21:55, L01-S05-22:00, L01-S05-22:05, L01-S05-22:10, L01-S05-22:15, L01-S05-22:20, L01-S05-22:25, L01-S05-22:30, L01-S05-22:35, L01-S05-22:40, L01-S05-22:45, L01-S05-22:50, L01-S05-22:55, L01-S05-23:00, L01-S05-23:05, L01-S05-23:10, L01-S05-23:15, L01-S05-23:20, L01-S05-23:25, L01-S05-23:30, L01-S05-23:35, L01-S05-23:40, L01-S05-23:45, L01-S05-23:50, L01-S05-23:55, L01-S05-00:00, L01-S05-00:05"
L01,S011,Silver Lake of Blue Line,Direction Holly Lane - Elm Street,"L01-S011-05:15, L01-S011-05:20, L01-S011-05:25, L01-S011-05:30, L01-S011-05:35, L01-S011-05:40, L01-S011-05:45, L01-S011-05:50, L01-S011-05:55, L01-S011-06:00, L01-S011-06:05, L01-S011-06:10, L01-S011-06:15, L01-S011-06:20, L01-S011-06:25, L01-S011-06:30, L01-S011-06:35, L01-S011-06:40, L01-S011-06:45, L01-S011-06:50, L01-S011-06:55, L01-S011-07:00, L01-S011-07:05, L01-S011-07:10, L01-S011-07:15, L01-S011-07:20, L01-S011-07:25, L01-S011-07:30, L01-S011-07:35, L01-S011-07:40, L01-S011-07:45, L01-S011-07:50, L01-S011-07:55, L01-S011-08:00, L01-S011-08:05, L01-S011-08:10, L01-S011-08:15, L01-S011-08:20, L01-S011-08:25, L01-S011-08:30, L01-S011-08:35, L01-S011-08:40, L01-S011-08:45, L01-S011-08:50, L01-S011-08:55, L01-S011-09:00, L01-S011-09:05, L01-S011-09:10, L01-S011-09:15, L01-S011-09:20, L01-S011-09:25, L01-S011-09:30, L01-S011-09:35, L01-S011-09:40, L01-S011-09:45, L01-S011-09:50, L01-S011-09:55, L01-S011-10:00, L01-S011-10:05, L01-S011-10:10, L01-S011-10:15, L01-S011-10:20, L01-S011-10:25, L01-S011-10:30, L01-S011-10:35, L01-S011-10:40, L01-S011-10:45, L01-S011-10:50, L01-S011-10:55, L01-S011-11:00, L01-S011-11:05, L01-S011-11:10, L01-S011-11:15, L01-S011-11:20, L01-S011-11:25, L01-S011-11:30, L01-S011-11:35, L01-S011-11:40, L01-S011-11:45, L01-S011-11:50, L01-S011-11:55, L01-S011-12:00, L01-S011-12:05, L01-S011-12:10, L01-S011-12:15, L01-S011-12:20, L01-S011-12:25, L01-S011-12:30, L01-S011-12:35, L01-S011-12:40, L01-S011-12:45, L01-S011-12:50, L01-S011-12:55, L01-S011-13:00, L01-S011-13:05, L01-S011-13:10, L01-S011-13:15, L01-S011-13:20, L01-S011-13:25, L01-S011-13:30, L01-S011-13:35, L01-S011-13:40, L01-S011-13:45, L01-S011-13:50, L01-S011-13:55, L01-S011-14:00, L01-S011-14:05, L01-S011-14:10, L01-S011-14:15, L01-S011-14:20, L01-S011-14:25, L01-S011-14:30, L01-S011-14:35, L01-S011-14:40, L01-S011-14:45, L01-S011-14:50, L01-S011-14:55, L01-S011-15:00, L01-S011-15:05, L01-S011-15:10, L01-S011-15:15, L01-S011-15:20, L01-S011-15:25, L01-S011-15:30, L01-S011-15:35, L01-S011-15:40, L01-S011-15:45, L01-S011-15:50, L01-S011-15:55, L01-S011-16:00, L01-S011-16:05, L01-S011-16:10, L01-S011-16:15, L01-S011-16:20, L01-S011-16:25, L01-S011-16:30, L01-S011-16:35, L01-S011-16:40, L01-S011-16:45, L01-S011-16:50, L01-S011-16:55, L01-S011-17:00, L01-S011-17:05, L01-S011-17:10, L01-S011-17:15, L01-S011-17:20, L01-S011-17:25, L01-S011-17:30, L01-S011-17:35, L01-S011-17:40, L01-S011-17:45, L01-S011-17:50, L01-S011-17:55, L01-S011-18:00, L01-S011-18:05, L01-S011-18:10, L01-S011-18:15, L01-S011-18:20, L01-S011-18:25, L01-S011-18:30, L01-S011-18:35, L01-S011-18:40, L01-S011-18:45, L01-S011-18:50, L01-S011-18:55, L01-S011-19:00, L01-S011-19:05, L01-S011-19:10, L01-S011-19:15, L01-S011-19:20, L01-S011-19:25, L01-S011-19:30, L01-S011-19:35, L01-S011-19:40, L01-S011-19:45, L01-S011-19:50, L01-S011-19:55, L01-S011-20:00, L01-S011-20:05, L01-S011-20:10, L01-S011-20:15, L01-S011-20:20, L01-S011-20:25, L01-S011-20:30, L01-S011-20:35, L01-S011-20:40, L01-S011-20:45, L01-S011-20:50, L01-S011-20:55, L01-S011-21:00, L01-S011-21:05, L01-S011-21:10, L01-S011-21:15, L01-S011-21:20, L01-S011-21:25, L01-S011-21:30, L01-S011-21:35, L01-S011-21:40, L01-S011-21:45, L01-S011-21:50, L01-S011-21:55, L01-S011-22:00, L01-S011-22:05, L01-S011-22:10, L01-S011-22:15, L01-S011-22:20, L01-S011-22:25, L01-S011-22:30, L01-S011-22:35, L01-S011-22:40, L01-S011-22:45, L01-S011-22:50, L01-S011-22:55, L01-S011-23:00, L01-S011-23:05, L01-S011-23:10, L01-S011-23:15, L01-S011-23:20, L01-S011-23:25, L01-S011-23:30, L01-S011-23:35, L01-S011-23:40, L01-S011-23:45, L01-S011-23:50, L01-S011-23:55, L01-S011-00:00, L01-S011-00:05, L01-S011-00:10"
L01,S013,Elm Street of Blue Line,Direction Holly Lane - Elm Street,"L01-S013-05:20, L01-S013-05:25, L01-S013-05:30, L01-S013-05:35, L01-S013-05:40, L01-S013-05:45, L01-S013-05:50, L01-S013-05:55, L01-S013-06:00, L01-S013-06:05, L01-S013-06:10, L01-S013-06:15, L01-S013-06:20, L01-S013-06:25, L01-S013-06:30, L01-S013-06:35, L01-S013-06:40, L01-S013-06:45, L01-S013-06:50, L01-S013-06:55, L01-S013-07:00, L01-S013-07:05, L01-S013-07:10, L01-S013-07:15, L01-S013-07:20, L01-S013-07:25, L01-S013-07:30, L01-S013-07:35, L01-S013-07:40, L01-S013-07:45, L01-S013-07:50, L01-S013-07:55, L01-S013-08:00, L01-S013-08:05, L01-S013-08:10, L01-S013-08:15, L01-S013-08:20, L01-S013-08:25, L01-S013-08:30, L01-S013-08:35, L01-S013-08:40, L01-S013-08:45, L01-S013-08:50, L01-S013-08:55, L01-S013-09:00, L01-S013-09:05, L01-S013-09:10, L01-S013-09:15, L01-S013-09:20, L01-S013-09:25, L01-S013-09:30, L01-S013-09:35, L01-S013-09:40, L01-S013-09:45, L01-S013-09:50, L01-S013-09:55, L01-S013-10:00, L01-S013-10:05, L01-S013-10:10, L01-S013-10:15, L01-S013-10:20, L01-S013-10:25, L01-S013-10:30, L01-S013-10:35, L01-S013-10:40, L01-S013-10:45, L01-S013-10:50, L01-S013-10:55, L01-S013-11:00, L01-S013-11:05, L01-S013-11:10, L01-S013-11:15, L01-S013-11:20, L01-S013-11:25, L01-S013-11:30, L01-S013-11:35, L01-S013-11:40, L01-S013-11:45, L01-S013-11:50, L01-S013-11:55, L01-S013-12:00, L01-S013-12:05, L01-S013-12:10, L01-S013-12:15, L01-S013-12:20, L01-S013-12:25, L01-S013-12:30, L01-S013-12:35, L01-S013-12:40, L01-S013-12:45, L01-S013-12:50, L01-S013-12:55, L01-S013-13:00, L01-S013-13:05, L01-S013-13:10, L01-S013-13:15, L01-S013-13:20, L01-S013-13:25, L01-S013-13:30, L01-S013-13:35, L01-S013-13:40, L01-S013-13:45, L01-S013-13:50, L01-S013-13:55, L01-S013-14:00, L01-S013-14:05, L01-S013-14:10, L01-S013-14:15, L01-S013-14:20, L01-S013-14:25, L01-S013-14:30, L01-S013-14:35, L01-S013-14:40, L01-S013-14:45, L01-S013-14:50, L01-S013-14:55, L01-S013-15:00, L01-S013-15:05, L01-S013-15:10, L01-S013-15:15, L01-S013-15:20, L01-S013-15:25, L01-S013-15:30, L01-S013-15:35, L01-S013-15:40, L01-S013-15:45, L01-S013-15:50, L01-S013-15:55, L01-S013-16:00, L01-S013-16:05, L01-S013-16:10, L01-S013-16:15, L01-S013-16:20, L01-S013-16:25, L01-S013-16:30, L01-S013-16:35, L01-S013-16:40, L01-S013-16:45, L01-S013-16:50, L01-S013-16:55, L01-S013-17:00, L01-S013-17:05, L01-S013-17:10, L01-S013-17:15, L01-S013-17:20, L01-S013-17:25, L01-S013-17:30, L01-S013-17:35, L01-S013-17:40, L01-S013-17:45, L01-S013-17:50, L01-S013-17:55, L01-S013-18:00, L01-S013-18:05, L01-S013-18:10, L01-S013-18:15, L01-S013-18:20, L01-S013-18:25, L01-S013-18:30, L01-S013-18:35, L01-S013-18:40, L01-S013-18:45, L01-S013-18:50, L01-S013-18:55, L01-S013-19:00, L01-S013-19:05, L01-S013-19:10, L01-S013-19:15, L01-S013-19:20, L01-S013-19:25, L01-S013-19:30, L01-S013-19:35, L01-S013-19:40, L01-S013-19:45, L01-S013-19:50, L01-S013-19:55, L01-S013-20:00, L01-S013-20:05, L01-S013-20:10, L01-S013-20:15, L01-S013-20:20, L01-S013-20:25, L01-S013-20:30, L01-S013-20:35, L01-S013-20:40, L01-S013-20:45, L01-S013-20:50, L01-S013-20:55, L01-S013-21:00, L01-S013-21:05, L01-S013-21:10, L01-S013-21:15, L01-S013-21:20, L01-S013-21:25, L01-S013-21:30, L01-S013-21:35, L01-S013-21:40, L01-S013-21:45, L01-S013-21:50, L01-S013-21:55, L01-S013-22:00, L01-S013-22:05, L01-S013-22:10, L01-S013-22:15, L01-S013-22:20, L01-S013-22:25, L01-S013-22:30, L01-S013-22:35, L01-S013-22:40, L01-S013-22:45, L01-S013-22:50, L01-S013-22:55, L01-S013-23:00, L01-S013-23:05, L01-S013-23:10, L01-S013-23:15, L01-S013-23:20, L01-S013-23:25, L01-S013-23:30, L01-S013-23:35, L01-S013-23:40, L01-S013-23:45, L01-S013-23:50, L01-S013-23:55, L01-S013-00:00, L01-S013-00:05, L01-S013-00:10, L01-S013-00:15"
L02,S017,Holly Lane of Red Line,Direction Holly Lane - Oak Valley,"L02-S017-05:00, L02-S017-05:05, L02-S017-05:10, L02-S017-05:15, L02-S017-05:20, L02-S017-05:25, L02-S017-05:30, L02-S017-05:35, L02-S017-05:40, L02-S017-05:45, L02-S017-05:50, L02-S017-05:55, L02-S017-06:00, L02-S017-06:05, L02-S017-06:10, L02-S017-06:15, L02-S017-06:20, L02-S017-06:25, L02-S017-06:30, L02-S017-06:35, L02-S017-06:40, L02-S017-06:45, L02-S017-06:50, L02-S017-06:55, L02-S017-07:00, L02-S017-07:05, L02-S017-07:10, L02-S017-07:15, L02-S017-07:20, L02-S017-07:25, L02-S017-07:30, L02-S017-07:35, L02-S017-07:40, L02-S017-07:45, L02-S017-07:50, L02-S017-07:55, L02-S017-08:00, L02-S017-08:05, L02-S017-08:10, L02-S017-08:15, L02-S017-08:20, L02-S017-08:25, L02-S017-08:30, L02-S017-08:35, L02-S017-08:40, L02-S017-08:45, L02-S017-08:50, L02-S017-08:55, L02-S017-09:00, L02-S017-09:05, L02-S017-09:10, L02-S017-09:15, L02-S017-09:20, L02-S017-09:25, L02-S017-09:30, L02-S017-09:35, L02-S017-09:40, L02-S017-09:45, L02-S017-09:50, L02-S017-09:55, L02-S017-10:00, L02-S017-10:05, L02-S017-10:10, L02-S017-10:15, L02-S017-10:20, L02-S017-10:25, L02-S017-10:30, L02-S017-10:35, L02-S017-10:40, L02-S017-10:45, L02-S017-10:50, L02-S017-10:55, L02-S017-11:00, L02-S017-11:05, L02-S017-11:10, L02-S017-11:15, L02-S017-11:20, L02-S017-11:25, L02-S017-11:30, L02-S017-11:35, L02-S017-11:40, L02-S017-11:45, L02-S017-11:50, L02-S017-11:55, L02-S017-12:00, L02-S017-12:05, L02-S017-12:10, L02-S017-12:15, L02-S017-12:20, L02-S017-12:25, L02-S017-12:30, L02-S017-12:35, L02-S017-12:40, L02-S017-12:45, L02-S017-12:50, L02-S017-12:55, L02-S017-13:00, L02-S017-13:05, L02-S017-13:10, L02-S017-13:15, L02-S017-13:20, L02-S017-13:25, L02-S017-13:30, L02-S017-13:35, L02-S017-13:40, L02-S017-13:45, L02-S017-13:50, L02-S017-13:55, L02-S017-14:00, L02-S017-14:05, L02-S017-14:10, L02-S017-14:15, L02-S017-14:20, L02-S017-14:25, L02-S017-14:30, L02-S017-14:35, L02-S017-14:40, L02-S017-14:45, L02-S017-14:50, L02-S017-14:55, L02-S017-15:00, L02-S017-15:05, L02-S017-15:10, L02-S017-15:15, L02-S017-15:20, L02-S017-15:25, L02-S017-15:30, L02-S017-15:35, L02-S017-15:40, L02-S017-15:45, L02-S017-15:50, L02-S017-15:55, L02-S017-16:00, L02-S017-16:05, L02-S017-16:10, L02-S017-16:15, L02-S017-16:20, L02-S017-16:25, L02-S017-16:30, L02-S017-16:35, L02-S017-16:40, L02-S017-16:45, L02-S017-16:50, L02-S017-16:55, L02-S017-17:00, L02-S017-17:05, L02-S017-17:10, L02-S017-17:15, L02-S017-17:20, L02-S017-17:25, L02-S017-17:30, L02-S017-17:35, L02-S017-17:40, L02-S017-17:45, L02-S017-17:50, L02-S017-17:55, L02-S017-18:00, L02-S017-18:05, L02-S017-18:10, L02-S017-18:15, L02-S017-18:20, L02-S017-18:25, L02-S017-18:30, L02-S017-18:35, L02-S017-18:40, L02-S017-18:45, L02-S017-18:50, L02-S017-18:55, L02-S017-19:00, L02-S017-19:05, L02-S017-19:10, L02-S017-19:15, L02-S017-19:20, L02-S017-19:25, L02-S017-19:30, L02-S017-19:35, L02-S017-19:40, L02-S017-19:45, L02-S017-19:50, L02-S017-19:55, L02-S017-20:00, L02-S017-20:05, L02-S017-20:10, L02-S017-20:15, L02-S017-20:20, L02-S017-20:25, L02-S017-20:30, L02-S017-20:35, L02-S017-20:40, L02-S017-20:45, L02-S017-20:50, L02-S017-20:55, L02-S017-21:00, L02-S017-21:05, L02-S017-21:10, L02-S017-21:15, L02-S017-21:20, L02-S017-21:25, L02-S017-21:30, L02-S017-21:35, L02-S017-21:40, L02-S017-21:45, L02-S017-21:50, L02-S017-21:55, L02-S017-22:00, L02-S017-22:05, L02-S017-22:10, L02-S017-22:15, L02-S017-22:20, L02-S017-22:25, L02-S017-22:30, L02-S017-22:35, L02-S017-22:40, L02-S017-22:45, L02-S017-22:50, L02-S017-22:55, L02-S017-23:00, L02-S017-23:05, L02-S017-23:10, L02-S017-23:15, L02-S017-23:20, L02-S017-23:25, L02-S017-23:30, L02-S017-23:35, L02-S017-23:40, L02-S017-23:45, L02-S017-23:50, L02-S017-23:55"
L02,S05,Pine Tree of Red Line,Direction Holly Lane - Oak Valley,"L02-S05-05:05, L02-S05-05:10, L02-S05-05:15, L02-S05-05:20, L02-S05-05:25, L02-S05-05:30, L02-S05-05:35, L02-S05-05:40, L02-S05-05:45, L02-S05-05:50, L02-S05-05:55, L02-S05-06:00, L02-S05-06:05, L02-S05-06:10, L02-S05-06:15, L02-S05-06:20, L02-S05-06:25, L02-S05-06:30, L02-S05-06:35, L02-S05-06:40, L02-S05-06:45, L02-S05-06:50, L02-S05-06:55, L02-S05-07:00, L02-S05-07:05, L02-S05-07:10, L02-S05-07:15, L02-S05-07:20, L02-S05-07:25, L02-S05-07:30, L02-S05-07:35, L02-S05-07:40, L02-S05-07:45, L02-S05-07:50, L02-S05-07:55, L02-S05-08:00, L02-S05-08:05, L02-S05-08:10, L02-S05-08:15, L02-S05-08:20, L02-S05-08:25, L02-S05-08:30, L02-S05-08:35, L02-S05-08:40, L02-S05-08:45, L02-S05-08:50, L02-S05-08:55, L02-S05-09:00, L02-S05-09:05, L02-S05-09:10, L02-S05-09:15, L02-S05-09:20, L02-S05-09:25, L02-S05-09:30, L02-S05-09:35, L02-S05-09:40, L02-S05-09:45, L02-S05-09:50, L02-S05-09:55, L02-S05-10:00, L02-S05-10:05, L02-S05-10:10, L02-S05-10:15, L02-S05-10:20, L02-S05-10:25, L02-S05-10:30, L02-S05-10:35, L02-S05-10:40, L02-S05-10:45, L02-S05-10:50, L02-S05-10:55, L02-S05-11:00, L02-S05-11:05, L02-S05-11:10, L02-S05-11:15, L02-S05-11:20, L02-S05-11:25, L02-S05-11:30, L02-S05-11:35, L02-S05-11:40, L02-S05-11:45, L02-S05-11:50, L02-S05-11:55, L02-S05-12:00, L02-S05-12:05, L02-S05-12:10, L02-S05-12:15, L02-S05-12:20, L02-S05-12:25, L02-S05-12:30, L02-S05-12:35, L02-S05-12:40, L02-S05-12:45, L02-S05-12:50, L02-S05-12:55, L02-S05-13:00, L02-S05-13:05, L02-S05-13:10, L02-S05-13:15, L02-S05-13:20, L02-S05-13:25, L02-S05-13:30, L02-S05-13:35, L02-S05-13:40, L02-S05-13:45, L02-S05-13:50, L02-S05-13:55, L02-S05-14:00, L02-S05-14:05, L02-S05-14:10, L02-S05-14:15, L02-S05-14:20, L02-S05-14:25, L02-S05-14:30, L02-S05-14:35, L02-S05-14:40, L02-S05-14:45, L02-S05-14:50, L02-S05-14:55, L02-S05-15:00, L02-S05-15:05, L02-S05-15:10, L02-S05-15:15, L02-S05-15:20, L02-S05-15:25, L02-S05-15:30, L02-S05-15:35, L02-S05-15:40, L02-S05-15:45, L02-S05-15:50, L02-S05-15:55, L02-S05-16:00, L02-S05-16:05, L02-S05-16:10, L02-S05-16:15, L02-S05-16:20, L02-S05-16:25, L02-S05-16:30, L02-S05-16:35, L02-S05-16:40, L02-S05-16:45, L02-S05-16:50, L02-S05-16:55, L02-S05-17:00, L02-S05-17:05, L02-S05-17:10, L02-S05-17:15, L02-S05-17:20, L02-S05-17:25, L02-S05-17:30, L02-S05-17:35, L02-S05-17:40, L02-S05-17:45, L02-S05-17:50, L02-S05-17:55, L02-S05-18:00, L02-S05-18:05, L02-S05-18:10, L02-S05-18:15, L02-S05-18:20, L02-S05-18:25, L02-S05-18:30, L02-S05-18:35, L02-S05-18:40, L02-S05-18:45, L02-S05-18:50, L02-S05-18:55, L02-S05-19:00, L02-S05-19:05, L02-S05-19:10, L02-S05-19:15, L02-S05-19:20, L02-S05-19:25, L02-S05-19:30, L02-S05-19:35, L02-S05-19:40, L02-S05-19:45, L02-S05-19:50, L02-S05-19:55, L02-S05-20:00, L02-S05-20:05, L02-S05-20:10, L02-S05-20:15, L02-S05-20:20, L02-S05-20:25, L02-S05-20:30, L02-S05-20:35, L02-S05-20:40, L02-S05-20:45, L02-S05-20:50, L02-S05-20:55, L02-S05-21:00, L02-S05-21:05, L02-S05-21:10, L02-S05-21:15, L02-S05-21:20, L02-S05-21:25, L02-S05-21:30, L02-S05-21:35, L02-S05-21:40, L02-S05-21:45, L02-S05-21:50, L02-S05-21:55, L02-S05-22:00, L02-S05-22:05, L02-S05-22:10, L02-S05-22:15, L02-S05-22:20, L02-S05-22:25, L02-S05-22:30, L02-S05-22:35, L02-S05-22:40, L02-S05-22:45, L02-S05-22:50, L02-S05-22:55, L02-S05-23:00, L02-S05-23:05, L02-S05-23:10, L02-S05-23:15, L02-S05-23:20, L02-S05-23:25, L02-S05-23:30, L02-S05-23:35, L02-S05-23:40, L02-S05-23:45, L02-S05-23:50, L02-S05-23:55, L02-S05-00:00"
L02,S019,Jasmine Avenue of Red Line,Direction Holly Lane - Oak Valley,"L02-S019-05:10, L02-S019-05:15, L02-S019-05:20, L02-S019-05:25, L02-S019-05:30, L02-S019-05:35, L02-S019-05:40, L02-S019-05:45, L02-S019-05:50, L02-S019-05:55, L02-S019-06:00, L02-S019-06:05, L02-S019-06:10, L02-S019-06:15, L02-S019-06:20, L02-S019-06:25, L02-S019-06:30, L02-S019-06:35, L02-S019-06:40, L02-S019-06:45, L02-S019-06:50, L02-S019-06:55, L02-S019-07:00, L02-S019-07:05, L02-S019-07:10, L02-S019-07:15, L02-S019-07:20, L02-S019-07:25, L02-S019-07:30, L02-S019-07:35, L02-S019-07:40, L02-S019-07:45, L02-S019-07:50, L02-S019-07:55, L02-S019-08:00, L02-S019-08:05, L02-S019-08:10, L02-S019-08:15, L02-S019-08:20, L02-S019-08:25, L02-S019-08:30, L02-S019-08:35, L02-S019-08:40, L02-S019-08:45, L02-S019-08:50, L02-S019-08:55, L02-S019-09:00, L02-S019-09:05, L02-S019-09:10, L02-S019-09:15, L02-S019-09:20, L02-S019-09:25, L02-S019-09:30, L02-S019-09:35, L02-S019-09:40, L02-S019-09:45, L02-S019-09:50, L02-S019-09:55, L02-S019-10:00, L02-S019-10:05, L02-S019-10:10, L02-S019-10:15, L02-S019-10:20, L02-S019-10:25, L02-S019-10:30, L02-S019-10:35, L02-S019-10:40, L02-S019-10:45, L02-S019-10:50, L02-S019-10:55, L02-S019-11:00, L02-S019-11:05, L02-S019-11:10, L02-S019-11:15, L02-S019-11:20, L02-S019-11:25, L02-S019-11:30, L02-S019-11:35, L02-S019-11:40, L02-S019-11:45, L02-S019-11:50, L02-S019-11:55, L02-S019-12:00, L02-S019-12:05, L02-S019-12:10, L02-S019-12:15, L02-S019-12:20, L02-S019-12:25, L02-S019-12:30, L02-S019-12:35, L02-S019-12:40, L02-S019-12:45, L02-S019-12:50, L02-S019-12:55, L02-S019-13:00, L02-S019-13:05, L02-S019-13:10, L02-S019-13:15, L02-S019-13:20, L02-S019-13:25, L02-S019-13:30, L02-S019-13:35, L02-S019-13:40, L02-S019-13:45, L02-S019-13:50, L02-S019-13:55, L02-S019-14:00, L02-S019-14:05, L02-S019-14:10, L02-S019-14:15, L02-S019-14:20, L02-S019-14:25, L02-S019-14:30, L02-S019-14:35, L02-S019-14:40, L02-S019-14:45, L02-S019-14:50, L02-S019-14:55, L02-S019-15:00, L02-S019-15:05, L02-S019-15:10, L02-S019-15:15, L02-S019-15:20, L02-S019-15:25, L02-S019-15:30, L02-S019-15:35, L02-S019-15:40, L02-S019-15:45, L02-S019-15:50, L02-S019-15:55, L02-S019-16:00, L02-S019-16:05, L02-S019-16:10, L02-S019-16:15, L02-S019-16:20, L02-S019-16:25, L02-S019-16:30, L02-S019-16:35, L02-S019-16:40, L02-S019-16:45, L02-S019-16:50, L02-S019-16:55, L02-S019-17:00, L02-S019-17:05, L02-S019-17:10, L02-S019-17:15, L02-S019-17:20, L02-S019-17:25, L02-S019-17:30, L02-S019-17:35, L02-S019-17:40, L02-S019-17:45, L02-S019-17:50, L02-S019-17:55, L02-S019-18:00, L02-S019-18:05, L02-S019-18:10, L02-S019-18:15, L02-S019-18:20, L02-S019-18:25, L02-S019-18:30, L02-S019-18:35, L02-S019-18:40, L02-S019-18:45, L02-S019-18:50, L02-S019-18:55, L02-S019-19:00, L02-S019-19:05, L02-S019-19:10, L02-S019-19:15, L02-S019-19:20, L02-S019-19:25, L02-S019-19:30, L02-S019-19:35, L02-S019-19:40, L02-S019-19:45, L02-S019-19:50, L02-S019-19:55, L02-S019-20:00, L02-S019-20:05, L02-S019-20:10, L02-S019-20:15, L02-S019-20:20, L02-S019-20:25, L02-S019-20:30, L02-S019-20:35, L02-S019-20:40, L02-S019-20:45, L02-S019-20:50, L02-S019-20:55, L02-S019-21:00, L02-S019-21:05, L02-S019-21:10, L02-S019-21:15, L02-S019-21:20, L02-S019-21:25, L02-S019-21:30, L02-S019-21:35, L02-S019-21:40, L02-S019-21:45, L02-S019-21:50, L02-S019-21:55, L02-S019-22:00, L02-S019-22:05, L02-S019-22:10, L02-S019-22:15, L02-S019-22:20, L02-S019-22:25, L02-S019-22:30, L02-S019-22:35, L02-S019-22:40, L02-S019-22:45, L02-S019-22:50, L02-S019-22:55, L02-S019-23:00, L02-S019-23:05, L02-S019-23:10, L02-S019-23:15, L02-S019-23:20, L02-S019-23:25, L02-S019-23:30, L02-S019-23:35, L02-S019-23:40, L02-S019-23:45, L02-S019-23:50, L02-S019-23:55, L02-S019-00:00, L02-S019-00:05"
L02,S018,Ivy Town of Red Line,Direction Holly Lane - Oak Valley,"L02-S018-05:15, L02-S018-05:20, L02-S018-05:25, L02-S018-05:30, L02-S018-05:35, L02-S018-05:40, L02-S018-05:45, L02-S018-05:50, L02-S018-05:55, L02-S018-06:00, L02-S018-06:05, L02-S018-06:10, L02-S018-06:15, L02-S018-06:20, L02-S018-06:25, L02-S018-06:30, L02-S018-06:35, L02-S018-06:40, L02-S018-06:45, L02-S018-06:50, L02-S018-06:55, L02-S018-07:00, L02-S018-07:05, L02-S018-07:10, L02-S018-07:15, L02-S018-07:20, L02-S018-07:25, L02-S018-07:30, L02-S018-07:35, L02-S018-07:40, L02-S018-07:45, L02-S018-07:50, L02-S018-07:55, L02-S018-08:00, L02-S018-08:05, L02-S018-08:10, L02-S018-08:15, L02-S018-08:20, L02-S018-08:25, L02-S018-08:30, L02-S018-08:35, L02-S018-08:40, L02-S018-08:45, L02-S018-08:50, L02-S018-08:55, L02-S018-09:00, L02-S018-09:05, L02-S018-09:10, L02-S018-09:15, L02-S018-09:20, L02-S018-09:25, L02-S018-09:30, L02-S018-09:35, L02-S018-09:40, L02-S018-09:45, L02-S018-09:50, L02-S018-09:55, L02-S018-10:00, L02-S018-10:05, L02-S018-10:10, L02-S018-10:15, L02-S018-10:20, L02-S018-10:25, L02-S018-10:30, L02-S018-10:35, L02-S018-10:40, L02-S018-10:45, L02-S018-10:50, L02-S018-10:55, L02-S018-11:00, L02-S018-11:05, L02-S018-11:10, L02-S018-11:15, L02-S018-11:20, L02-S018-11:25, L02-S018-11:30, L02-S018-11:35, L02-S018-11:40, L02-S018-11:45, L02-S018-11:50, L02-S018-11:55, L02-S018-12:00, L02-S018-12:05, L02-S018-12:10, L02-S018-12:15, L02-S018-12:20, L02-S018-12:25, L02-S018-12:30, L02-S018-12:35, L02-S018-12:40, L02-S018-12:45, L02-S018-12:50, L02-S018-12:55, L02-S018-13:00, L02-S018-13:05, L02-S018-13:10, L02-S018-13:15, L02-S018-13:20, L02-S018-13:25, L02-S018-13:30, L02-S018-13:35, L02-S018-13:40, L02-S018-13:45, L02-S018-13:50, L02-S018-13:55, L02-S018-14:00, L02-S018-14:05, L02-S018-14:10, L02-S018-14:15, L02-S018-14:20, L02-S018-14:25, L02-S018-14:30, L02-S018-14:35, L02-S018-14:40, L02-S018-14:45, L02-S018-14:50, L02-S018-14:55, L02-S018-15:00, L02-S018-15:05, L02-S018-15:10, L02-S018-15:15, L02-S018-15:20, L02-S018-15:25, L02-S018-15:30, L02-S018-15:35, L02-S018-15:40, L02-S018-15:45, L02-S018-15:50, L02-S018-15:55, L02-S018-16:00, L02-S018-16:05, L02-S018-16:10, L02-S018-16:15, L02-S018-16:20, L02-S018-16:25, L02-S018-16:30, L02-S018-16:35, L02-S018-16:40, L02-S018-16:45, L02-S018-16:50, L02-S018-16:55, L02-S018-17:00, L02-S018-17:05, L02-S018-17:10, L02-S018-17:15, L02-S018-17:20, L02-S018-17:25, L02-S018-17:30, L02-S018-17:35, L02-S018-17:40, L02-S018-17:45, L02-S018-17:50, L02-S018-17:55, L02-S018-18:00, L02-S018-18:05, L02-S018-18:10, L02-S018-18:15, L02-S018-18:20, L02-S018-18:25, L02-S018-18:30, L02-S018-18:35, L02-S018-18:40, L02-S018-18:45, L02-S018-18:50, L02-S018-18:55, L02-S018-19:00, L02-S018-19:05, L02-S018-19:10, L02-S018-19:15, L02-S018-19:20, L02-S018-19:25, L02-S018-19:30, L02-S018-19:35, L02-S018-19:40, L02-S018-19:45, L02-S018-19:50, L02-S018-19:55, L02-S018-20:00, L02-S018-20:05, L02-S018-20:10, L02-S018-20:15, L02-S018-20:20, L02-S018-20:25, L02-S018-20:30, L02-S018-20:35, L02-S018-20:40, L02-S018-20:45, L02-S018-20:50, L02-S018-20:55, L02-S018-21:00, L02-S018-21:05, L02-S018-21:10, L02-S018-21:15, L02-S018-21:20, L02-S018-21:25, L02-S018-21:30, L02-S018-21:35, L02-S018-21:40, L02-S018-21:45, L02-S018-21:50, L02-S018-21:55, L02-S018-22:00, L02-S018-22:05, L02-S018-22:10, L02-S018-22:15, L02-S018-22:20, L02-S018-22:25, L02-S018-22:30, L02-S018-22:35, L02-S018-22:40, L02-S018-22:45, L02-S018-22:50, L02-S018-22:55, L02-S018-23:00, L02-S018-23:05, L02-S018-23:10, L02-S018-23:15, L02-S018-23:20, L02-S018-23:25, L02-S018-23:30, L02-S018-23:35, L02-S018-23:40, L02-S018-23:45, L02-S018-23:50, L02-S018-23:55, L02-S018-00:00, L02-S018-00:05, L02-S018-00:10"
L02,S012,Oak Valley of Red Line,Direction Holly Lane - Oak Valley,"L02-S012-05:20, L02-S012-05:25, L02-S012-05:30, L02-S012-05:35, L02-S012-05:40, L02-S012-05:45, L02-S012-05:50, L02-S012-05:55, L02-S012-06:00, L02-S012-06:05, L02-S012-06:10, L02-S012-06:15, L02-S012-06:20, L02-S012-06:25, L02-S012-06:30, L02-S012-06:35, L02-S012-06:40, L02-S012-06:45, L02-S012-06:50, L02-S012-06:55, L02-S012-07:00, L02-S012-07:05, L02-S012-07:10, L02-S012-07:15, L02-S012-07:20, L02-S012-07:25, L02-S012-07:30, L02-S012-07:35, L02-S012-07:40, L02-S012-07:45, L02-S012-07:50, L02-S012-07:55, L02-S012-08:00, L02-S012-08:05, L02-S012-08:10, L02-S012-08:15, L02-S012-08:20, L02-S012-08:25, L02-S012-08:30, L02-S012-08:35, L02-S012-08:40, L02-S012-08:45, L02-S012-08:50, L02-S012-08:55, L02-S012-09:00, L02-S012-09:05, L02-S012-09:10, L02-S012-09:15, L02-S012-09:20, L02-S012-09:25, L02-S012-09:30, L02-S012-09:35, L02-S012-09:40, L02-S012-09:45, L02-S012-09:50, L02-S012-09:55, L02-S012-10:00, L02-S012-10:05, L02-S012-10:10, L02-S012-10:15, L02-S012-10:20, L02-S012-10:25, L02-S012-10:30, L02-S012-10:35, L02-S012-10:40, L02-S012-10:45, L02-S012-10:50, L02-S012-10:55, L02-S012-11:00, L02-S012-11:05, L02-S012-11:10, L02-S012-11:15, L02-S012-11:20, L02-S012-11:25, L02-S012-11:30, L02-S012-11:35, L02-S012-11:40, L02-S012-11:45, L02-S012-11:50, L02-S012-11:55, L02-S012-12:00, L02-S012-12:05, L02-S012-12:10, L02-S012-12:15, L02-S012-12:20, L02-S012-12:25, L02-S012-12:30, L02-S012-12:35, L02-S012-12:40, L02-S012-12:45, L02-S012-12:50, L02-S012-12:55, L02-S012-13:00, L02-S012-13:05, L02-S012-13:10, L02-S012-13:15, L02-S012-13:20, L02-S012-13:25, L02-S012-13:30, L02-S012-13:35, L02-S012-13:40, L02-S012-13:45, L02-S012-13:50, L02-S012-13:55, L02-S012-14:00, L02-S012-14:05, L02-S012-14:10, L02-S012-14:15, L02-S012-14:20, L02-S012-14:25, L02-S012-14:30, L02-S012-14:35, L02-S012-14:40, L02-S012-14:45, L02-S012-14:50, L02-S012-14:55, L02-S012-15:00, L02-S012-15:05, L02-S012-15:10, L02-S012-15:15, L02-S012-15:20, L02-S012-15:25, L02-S012-15:30, L02-S012-15:35, L02-S012-15:40, L02-S012-15:45, L02-S012-15:50, L02-S012-15:55, L02-S012-16:00, L02-S012-16:05, L02-S012-16:10, L02-S012-16:15, L02-S012-16:20, L02-S012-16:25, L02-S012-16:30, L02-S012-16:35, L02-S012-16:40, L02-S012-16:45, L02-S012-16:50, L02-S012-16:55, L02-S012-17:00, L02-S012-17:05, L02-S012-17:10, L02-S012-17:15, L02-S012-17:20, L02-S012-17:25, L02-S012-17:30, L02-S012-17:35, L02-S012-17:40, L02-S012-17:45, L02-S012-17:50, L02-S012-17:55, L02-S012-18:00, L02-S012-18:05, L02-S012-18:10, L02-S012-18:15, L02-S012-18:20, L02-S012-18:25, L02-S012-18:30, L02-S012-18:35, L02-S012-18:40, L02-S012-18:45, L02-S012-18:50, L02-S012-18:55, L02-S012-19:00, L02-S012-19:05, L02-S012-19:10, L02-S012-19:15, L02-S012-19:20, L02-S012-19:25, L02-S012-19:30, L02-S012-19:35, L02-S012-19:40, L02-S012-19:45, L02-S012-19:50, L02-S012-19:55, L02-S012-20:00, L02-S012-20:05, L02-S012-20:10, L02-S012-20:15, L02-S012-20:20, L02-S012-20:25, L02-S012-20:30, L02-S012-20:35, L02-S012-20:40, L02-S012-20:45, L02-S012-20:50, L02-S012-20:55, L02-S012-21:00, L02-S012-21:05, L02-S012-21:10, L02-S012-21:15, L02-S012-21:20, L02-S012-21:25, L02-S012-21:30, L02-S012-21:35, L02-S012-21:40, L02-S012-21:45, L02-S012-21:50, L02-S012-21:55, L02-S012-22:00, L02-S012-22:05, L02-S012-22:10, L02-S012-22:15, L02-S012-22:20, L02-S012-22:25, L02-S012-22:30, L02-S012-22:35, L02-S012-22:40, L02-S012-22:45, L02-S012-22:50, L02-S012-22:55, L02-S012-23:00, L02-S012-23:05, L02-S012-23:10, L02-S012-23:15, L02-S012-23:20, L02-S012-23:25, L02-S012-23:30, L02-S012-23:35, L02-S012-23:40, L02-S012-23:45, L02-S012-23:50, L02-S012-23:55, L02-S012-00:00, L02-S012-00:05, L02-S012-00:10, L02-S012-00:15"
L03,S018,Ivy Town of Green Line,Direction Ivy Town - Golden Gate,"L03-S018-05:00, L03-S018-05:05, L03-S018-05:10, L03-S018-05:15, L03-S018-05:20, L03-S018-05:25, L03-S018-05:30, L03-S018-05:35, L03-S018-05:40, L03-S018-05:45, L03-S018-05:50, L03-S018-05:55, L03-S018-06:00, L03-S018-06:05, L03-S018-06:10, L03-S018-06:15, L03-S018-06:20, L03-S018-06:25, L03-S018-06:30, L03-S018-06:35, L03-S018-06:40, L03-S018-06:45, L03-S018-06:50, L03-S018-06:55, L03-S018-07:00, L03-S018-07:05, L03-S018-07:10, L03-S018-07:15, L03-S018-07:20, L03-S018-07:25, L03-S018-07:30, L03-S018-07:35, L03-S018-07:40, L03-S018-07:45, L03-S018-07:50, L03-S018-07:55, L03-S018-08:00, L03-S018-08:05, L03-S018-08:10, L03-S018-08:15, L03-S018-08:20, L03-S018-08:25, L03-S018-08:30, L03-S018-08:35, L03-S018-08:40, L03-S018-08:45, L03-S018-08:50, L03-S018-08:55, L03-S018-09:00, L03-S018-09:05, L03-S018-09:10, L03-S018-09:15, L03-S018-09:20, L03-S018-09:25, L03-S018-09:30, L03-S018-09:35, L03-S018-09:40, L03-S018-09:45, L03-S018-09:50, L03-S018-09:55, L03-S018-10:00, L03-S018-10:05, L03-S018-10:10, L03-S018-10:15, L03-S018-10:20, L03-S018-10:25, L03-S018-10:30, L03-S018-10:35, L03-S018-10:40, L03-S018-10:45, L03-S018-10:50, L03-S018-10:55, L03-S018-11:00, L03-S018-11:05, L03-S018-11:10, L03-S018-11:15, L03-S018-11:20, L03-S018-11:25, L03-S018-11:30, L03-S018-11:35, L03-S018-11:40, L03-S018-11:45, L03-S018-11:50, L03-S018-11:55, L03-S018-12:00, L03-S018-12:05, L03-S018-12:10, L03-S018-12:15, L03-S018-12:20, L03-S018-12:25, L03-S018-12:30, L03-S018-12:35, L03-S018-12:40, L03-S018-12:45, L03-S018-12:50, L03-S018-12:55, L03-S018-13:00, L03-S018-13:05, L03-S018-13:10, L03-S018-13:15, L03-S018-13:20, L03-S018-13:25, L03-S018-13:30, L03-S018-13:35, L03-S018-13:40, L03-S018-13:45, L03-S018-13:50, L03-S018-13:55, L03-S018-14:00, L03-S018-14:05, L03-S018-14:10, L03-S018-14:15, L03-S018-14:20, L03-S018-14:25, L03-S018-14:30, L03-S018-14:35, L03-S018-14:40, L03-S018-14:45, L03-S018-14:50, L03-S018-14:55, L03-S018-15:00, L03-S018-15:05, L03-S018-15:10, L03-S018-15:15, L03-S018-15:20, L03-S018-15:25, L03-S018-15:30, L03-S018-15:35, L03-S018-15:40, L03-S018-15:45, L03-S018-15:50, L03-S018-15:55, L03-S018-16:00, L03-S018-16:05, L03-S018-16:10, L03-S018-16:15, L03-S018-16:20, L03-S018-16:25, L03-S018-16:30, L03-S018-16:35, L03-S018-16:40, L03-S018-16:45, L03-S018-16:50, L03-S018-16:55, L03-S018-17:00, L03-S018-17:05, L03-S018-17:10, L03-S018-17:15, L03-S018-17:20, L03-S018-17:25, L03-S018-17:30, L03-S018-17:35, L03-S018-17:40, L03-S018-17:45, L03-S018-17:50, L03-S018-17:55, L03-S018-18:00, L03-S018-18:05, L03-S018-18:10, L03-S018-18:15, L03-S018-18:20, L03-S018-18:25, L03-S018-18:30, L03-S018-18:35, L03-S018-18:40, L03-S018-18:45, L03-S018-18:50, L03-S018-18:55, L03-S018-19:00, L03-S018-19:05, L03-S018-19:10, L03-S018-19:15, L03-S018-19:20, L03-S018-19:25, L03-S018-19:30, L03-S018-19:35, L03-S018-19:40, L03-S018-19:45, L03-S018-19:50, L03-S018-19:55, L03-S018-20:00, L03-S018-20:05, L03-S018-20:10, L03-S018-20:15, L03-S018-20:20, L03-S018-20:25, L03-S018-20:30, L03-S018-20:35, L03-S018-20:40, L03-S018-20:45, L03-S018-20:50, L03-S018-20:55, L03-S018-21:00, L03-S018-21:05, L03-S018-21:10, L03-S018-21:15, L03-S018-21:20, L03-S018-21:25, L03-S018-21:30, L03-S018-21:35, L03-S018-21:40, L03-S018-21:45, L03-S018-21:50, L03-S018-21:55, L03-S018-22:00, L03-S018-22:05, L03-S018-22:10, L03-S018-22:15, L03-S018-22:20, L03-S018-22:25, L03-S018-22:30, L03-S018-22:35, L03-S018-22:40, L03-S018-22:45, L03-S018-22:50, L03-S018-22:55, L03-S018-23:00, L03-S018-23:05, L03-S018-23:10, L03-S018-23:15, L03-S018-23:20, L03-S018-23:25, L03-S018-23:30, L03-S018-23:35, L03-S018-23:40, L03-S018-23:45, L03-S018-23:50, L03-S018-23:55"
L03,S017,Holly Lane of Green Line,Direction Ivy Town - Golden Gate,"L03-S017-05:05, L03-S017-05:10, L03-S017-05:15, L03-S017-05:20, L03-S017-05:25, L03-S017-05:30, L03-S017-05:35, L03-S017-05:40, L03-S017-05:45, L03-S017-05:50, L03-S017-05:55, L03-S017-06:00, L03-S017-06:05, L03-S017-06:10, L03-S017-06:15, L03-S017-06:20, L03-S017-06:25, L03-S017-06:30, L03-S017-06:35, L03-S017-06:40, L03-S017-06:45, L03-S017-06:50, L03-S017-06:55, L03-S017-07:00, L03-S017-07:05, L03-S017-07:10, L03-S017-07:15, L03-S017-07:20, L03-S017-07:25, L03-S017-07:30, L03-S017-07:35, L03-S017-07:40, L03-S017-07:45, L03-S017-07:50, L03-S017-07:55, L03-S017-08:00, L03-S017-08:05, L03-S017-08:10, L03-S017-08:15, L03-S017-08:20, L03-S017-08:25, L03-S017-08:30, L03-S017-08:35, L03-S017-08:40, L03-S017-08:45, L03-S017-08:50, L03-S017-08:55, L03-S017-09:00, L03-S017-09:05, L03-S017-09:10, L03-S017-09:15, L03-S017-09:20, L03-S017-09:25, L03-S017-09:30, L03-S017-09:35, L03-S017-09:40, L03-S017-09:45, L03-S017-09:50, L03-S017-09:55, L03-S017-10:00, L03-S017-10:05, L03-S017-10:10, L03-S017-10:15, L03-S017-10:20, L03-S017-10:25, L03-S017-10:30, L03-S017-10:35, L03-S017-10:40, L03-S017-10:45, L03-S017-10:50, L03-S017-10:55, L03-S017-11:00, L03-S017-11:05, L03-S017-11:10, L03-S017-11:15, L03-S017-11:20, L03-S017-11:25, L03-S017-11:30, L03-S017-11:35, L03-S017-11:40, L03-S017-11:45, L03-S017-11:50, L03-S017-11:55, L03-S017-12:00, L03-S017-12:05, L03-S017-12:10, L03-S017-12:15, L03-S017-12:20, L03-S017-12:25, L03-S017-12:30, L03-S017-12:35, L03-S017-12:40, L03-S017-12:45, L03-S017-12:50, L03-S017-12:55, L03-S017-13:00, L03-S017-13:05, L03-S017-13:10, L03-S017-13:15, L03-S017-13:20, L03-S017-13:25, L03-S017-13:30, L03-S017-13:35, L03-S017-13:40, L03-S017-13:45, L03-S017-13:50, L03-S017-13:55, L03-S017-14:00, L03-S017-14:05, L03-S017-14:10, L03-S017-14:15, L03-S017-14:20, L03-S017-14:25, L03-S017-14:30, L03-S017-14:35, L03-S017-14:40, L03-S017-14:45, L03-S017-14:50, L03-S017-14:55, L03-S017-15:00, L03-S017-15:05, L03-S017-15:10, L03-S017-15:15, L03-S017-15:20, L03-S017-15:25, L03-S017-15:30, L03-S017-15:35, L03-S017-15:40, L03-S017-15:45, L03-S017-15:50, L03-S017-15:55, L03-S017-16:00, L03-S017-16:05, L03-S017-16:10, L03-S017-16:15, L03-S017-16:20, L03-S017-16:25, L03-S017-16:30, L03-S017-16:35, L03-S017-16:40, L03-S017-16:45, L03-S017-16:50, L03-S017-16:55, L03-S017-17:00, L03-S017-17:05, L03-S017-17:10, L03-S017-17:15, L03-S017-17:20, L03-S017-17:25, L03-S017-17:30, L03-S017-17:35, L03-S017-17:40, L03-S017-17:45, L03-S017-17:50, L03-S017-17:55, L03-S017-18:00, L03-S017-18:05, L03-S017-18:10, L03-S017-18:15, L03-S017-18:20, L03-S017-18:25, L03-S017-18:30, L03-S017-18:35, L03-S017-18:40, L03-S017-18:45, L03-S017-18:50, L03-S017-18:55, L03-S017-19:00, L03-S017-19:05, L03-S017-19:10, L03-S017-19:15, L03-S017-19:20, L03-S017-19:25, L03-S017-19:30, L03-S017-19:35, L03-S017-19:40, L03-S017-19:45, L03-S017-19:50, L03-S017-19:55, L03-S017-20:00, L03-S017-20:05, L03-S017-20:10, L03-S017-20:15, L03-S017-20:20, L03-S017-20:25, L03-S017-20:30, L03-S017-20:35, L03-S017-20:40, L03-S017-20:45, L03-S017-20:50, L03-S017-20:55, L03-S017-21:00, L03-S017-21:05, L03-S017-21:10, L03-S017-21:15, L03-S017-21:20, L03-S017-21:25, L03-S017-21:30, L03-S017-21:35, L03-S017-21:40, L03-S017-21:45, L03-S017-21:50, L03-S017-21:55, L03-S017-22:00, L03-S017-22:05, L03-S017-22:10, L03-S017-22:15, L03-S017-22:20, L03-S017-22:25, L03-S017-22:30, L03-S017-22:35, L03-S017-22:40, L03-S017-22:45, L03-S017-22:50, L03-S017-22:55, L03-S017-23:00, L03-S017-23:05, L03-S017-23:10, L03-S017-23:15, L03-S017-23:20, L03-S017-23:25, L03-S017-23:30, L03-S017-23:35, L03-S017-23:40, L03-S017-23:45, L03-S017-23:50, L03-S017-23:55, L03-S017-00:00"
L03,S01,Central Park of Green Line,Direction Ivy Town - Golden Gate,"L03-S01-05:10, L03-S01-05:15, L03-S01-05:20, L03-S01-05:25, L03-S01-05:30, L03-S01-05:35, L03-S01-05:40, L03-S01-05:45, L03-S01-05:50, L03-S01-05:55, L03-S01-06:00, L03-S01-06:05, L03-S01-06:10, L03-S01-06:15, L03-S01-06:20, L03-S01-06:25, L03-S01-06:30, L03-S01-06:35, L03-S01-06:40, L03-S01-06:45, L03-S01-06:50, L03-S01-06:55, L03-S01-07:00, L03-S01-07:05, L03-S01-07:10, L03-S01-07:15, L03-S01-07:20, L03-S01-07:25, L03-S01-07:30, L03-S01-07:35, L03-S01-07:40, L03-S01-07:45, L03-S01-07:50, L03-S01-07:55, L03-S01-08:00, L03-S01-08:05, L03-S01-08:10, L03-S01-08:15, L03-S01-08:20, L03-S01-08:25, L03-S01-08:30, L03-S01-08:35, L03-S01-08:40, L03-S01-08:45, L03-S01-08:50, L03-S01-08:55, L03-S01-09:00, L03-S01-09:05, L03-S01-09:10, L03-S01-09:15, L03-S01-09:20, L03-S01-09:25, L03-S01-09:30, L03-S01-09:35, L03-S01-09:40, L03-S01-09:45, L03-S01-09:50, L03-S01-09:55, L03-S01-10:00, L03-S01-10:05, L03-S01-10:10, L03-S01-10:15, L03-S01-10:20, L03-S01-10:25, L03-S01-10:30, L03-S01-10:35, L03-S01-10:40, L03-S01-10:45, L03-S01-10:50, L03-S01-10:55, L03-S01-11:00, L03-S01-11:05, L03-S01-11:10, L03-S01-11:15, L03-S01-11:20, L03-S01-11:25, L03-S01-11:30, L03-S01-11:35, L03-S01-11:40, L03-S01-11:45, L03-S01-11:50, L03-S01-11:55, L03-S01-12:00, L03-S01-12:05, L03-S01-12:10, L03-S01-12:15, L03-S01-12:20, L03-S01-12:25, L03-S01-12:30, L03-S01-12:35, L03-S01-12:40, L03-S01-12:45, L03-S01-12:50, L03-S01-12:55, L03-S01-13:00, L03-S01-13:05, L03-S01-13:10, L03-S01-13:15, L03-S01-13:20, L03-S01-13:25, L03-S01-13:30, L03-S01-13:35, L03-S01-13:40, L03-S01-13:45, L03-S01-13:50, L03-S01-13:55, L03-S01-14:00, L03-S01-14:05, L03-S01-14:10, L03-S01-14:15, L03-S01-14:20, L03-S01-14:25, L03-S01-14:30, L03-S01-14:35, L03-S01-14:40, L03-S01-14:45, L03-S01-14:50, L03-S01-14:55, L03-S01-15:00, L03-S01-15:05, L03-S01-15:10, L03-S01-15:15, L03-S01-15:20, L03-S01-15:25, L03-S01-15:30, L03-S01-15:35, L03-S01-15:40, L03-S01-15:45, L03-S01-15:50, L03-S01-15:55, L03-S01-16:00, L03-S01-16:05, L03-S01-16:10, L03-S01-16:15, L03-S01-16:20, L03-S01-16:25, L03-S01-16:30, L03-S01-16:35, L03-S01-16:40, L03-S01-16:45, L03-S01-16:50, L03-S01-16:55, L03-S01-17:00, L03-S01-17:05, L03-S01-17:10, L03-S01-17:15, L03-S01-17:20, L03-S01-17:25, L03-S01-17:30, L03-S01-17:35, L03-S01-17:40, L03-S01-17:45, L03-S01-17:50, L03-S01-17:55, L03-S01-18:00, L03-S01-18:05, L03-S01-18:10, L03-S01-18:15, L03-S01-18:20, L03-S01-18:25, L03-S01-18:30, L03-S01-18:35, L03-S01-18:40, L03-S01-18:45, L03-S01-18:50, L03-S01-18:55, L03-S01-19:00, L03-S01-19:05, L03-S01-19:10, L03-S01-19:15, L03-S01-19:20, L03-S01-19:25, L03-S01-19:30, L03-S01-19:35, L03-S01-19:40, L03-S01-19:45, L03-S01-19:50, L03-S01-19:55, L03-S01-20:00, L03-S01-20:05, L03-S01-20:10, L03-S01-20:15, L03-S01-20:20, L03-S01-20:25, L03-S01-20:30, L03-S01-20:35, L03-S01-20:40, L03-S01-20:45, L03-S01-20:50, L03-S01-20:55, L03-S01-21:00, L03-S01-21:05, L03-S01-21:10, L03-S01-21:15, L03-S01-21:20, L03-S01-21:25, L03-S01-21:30, L03-S01-21:35, L03-S01-21:40, L03-S01-21:45, L03-S01-21:50, L03-S01-21:55, L03-S01-22:00, L03-S01-22:05, L03-S01-22:10, L03-S01-22:15, L03-S01-22:20, L03-S01-22:25, L03-S01-22:30, L03-S01-22:35, L03-S01-22:40, L03-S01-22:45, L03-S01-22:50, L03-S01-22:55, L03-S01-23:00, L03-S01-23:05, L03-S01-23:10, L03-S01-23:15, L03-S01-23:20, L03-S01-23:25, L03-S01-23:30, L03-S01-23:35, L03-S01-23:40, L03-S01-23:45, L03-S01-23:50, L03-S01-23:55, L03-S01-00:00, L03-S01-00:05"
L03,S09,Liberty Island of Green Line,Direction Ivy Town - Golden Gate,"L03-S09-05:15, L03-S09-05:20, L03-S09-05:25, L03-S09-05:30, L03-S09-05:35, L03-S09-05:40, L03-S09-05:45, L03-S09-05:50, L03-S09-05:55, L03-S09-06:00, L03-S09-06:05, L03-S09-06:10, L03-S09-06:15, L03-S09-06:20, L03-S09-06:25, L03-S09-06:30, L03-S09-06:35, L03-S09-06:40, L03-S09-06:45, L03-S09-06:50, L03-S09-06:55, L03-S09-07:00, L03-S09-07:05, L03-S09-07:10, L03-S09-07:15, L03-S09-07:20, L03-S09-07:25, L03-S09-07:30, L03-S09-07:35, L03-S09-07:40, L03-S09-07:45, L03-S09-07:50, L03-S09-07:55, L03-S09-08:00, L03-S09-08:05, L03-S09-08:10, L03-S09-08:15, L03-S09-08:20, L03-S09-08:25, L03-S09-08:30, L03-S09-08:35, L03-S09-08:40, L03-S09-08:45, L03-S09-08:50, L03-S09-08:55, L03-S09-09:00, L03-S09-09:05, L03-S09-09:10, L03-S09-09:15, L03-S09-09:20, L03-S09-09:25, L03-S09-09:30, L03-S09-09:35, L03-S09-09:40, L03-S09-09:45, L03-S09-09:50, L03-S09-09:55, L03-S09-10:00, L03-S09-10:05, L03-S09-10:10, L03-S09-10:15, L03-S09-10:20, L03-S09-10:25, L03-S09-10:30, L03-S09-10:35, L03-S09-10:40, L03-S09-10:45, L03-S09-10:50, L03-S09-10:55, L03-S09-11:00, L03-S09-11:05, L03-S09-11:10, L03-S09-11:15, L03-S09-11:20, L03-S09-11:25, L03-S09-11:30, L03-S09-11:35, L03-S09-11:40, L03-S09-11:45, L03-S09-11:50, L03-S09-11:55, L03-S09-12:00, L03-S09-12:05, L03-S09-12:10, L03-S09-12:15, L03-S09-12:20, L03-S09-12:25, L03-S09-12:30, L03-S09-12:35, L03-S09-12:40, L03-S09-12:45, L03-S09-12:50, L03-S09-12:55, L03-S09-13:00, L03-S09-13:05, L03-S09-13:10, L03-S09-13:15, L03-S09-13:20, L03-S09-13:25, L03-S09-13:30, L03-S09-13:35, L03-S09-13:40, L03-S09-13:45, L03-S09-13:50, L03-S09-13:55, L03-S09-14:00, L03-S09-14:05, L03-S09-14:10, L03-S09-14:15, L03-S09-14:20, L03-S09-14:25, L03-S09-14:30, L03-S09-14:35, L03-S09-14:40, L03-S09-14:45, L03-S09-14:50, L03-S09-14:55, L03-S09-15:00, L03-S09-15:05, L03-S09-15:10, L03-S09-15:15, L03-S09-15:20, L03-S09-15:25, L03-S09-15:30, L03-S09-15:35, L03-S09-15:40, L03-S09-15:45, L03-S09-15:50, L03-S09-15:55, L03-S09-16:00, L03-S09-16:05, L03-S09-16:10, L03-S09-16:15, L03-S09-16:20, L03-S09-16:25, L03-S09-16:30, L03-S09-16:35, L03-S09-16:40, L03-S09-16:45, L03-S09-16:50, L03-S09-16:55, L03-S09-17:00, L03-S09-17:05, L03-S09-17:10, L03-S09-17:15, L03-S09-17:20, L03-S09-17:25, L03-S09-17:30, L03-S09-17:35, L03-S09-17:40, L03-S09-17:45, L03-S09-17:50, L03-S09-17:55, L03-S09-18:00, L03-S09-18:05, L03-S09-18:10, L03-S09-18:15, L03-S09-18:20, L03-S09-18:25, L03-S09-18:30, L03-S09-18:35, L03-S09-18:40, L03-S09-18:45, L03-S09-18:50, L03-S09-18:55, L03-S09-19:00, L03-S09-19:05, L03-S09-19:10, L03-S09-19:15, L03-S09-19:20, L03-S09-19:25, L03-S09-19:30, L03-S09-19:35, L03-S09-19:40, L03-S09-19:45, L03-S09-19:50, L03-S09-19:55, L03-S09-20:00, L03-S09-20:05, L03-S09-20:10, L03-S09-20:15, L03-S09-20:20, L03-S09-20:25, L03-S09-20:30, L03-S09-20:35, L03-S09-20:40, L03-S09-20:45, L03-S09-20:50, L03-S09-20:55, L03-S09-21:00, L03-S09-21:05, L03-S09-21:10, L03-S09-21:15, L03-S09-21:20, L03-S09-21:25, L03-S09-21:30, L03-S09-21:35, L03-S09-21:40, L03-S09-21:45, L03-S09-21:50, L03-S09-21:55, L03-S09-22:00, L03-S09-22:05, L03-S09-22:10, L03-S09-22:15, L03-S09-22:20, L03-S09-22:25, L03-S09-22:30, L03-S09-22:35, L03-S09-22:40, L03-S09-22:45, L03-S09-22:50, L03-S09-22:55, L03-S09-23:00, L03-S09-23:05, L03-S09-23:10, L03-S09-23:15, L03-S09-23:20, L03-S09-23:25, L03-S09-23:30, L03-S09-23:35, L03-S09-23:40, L03-S09-23:45, L03-S09-23:50, L03-S09-23:55, L03-S09-00:00, L03-S09-00:05, L03-S09-00:10"
L03,S08,Golden Gate of Green Line,Direction Ivy Town - Golden Gate,"L03-S08-05:20, L03-S08-05:25, L03-S08-05:30, L03-S08-05:35, L03-S08-05:40, L03-S08-05:45, L03-S08-05:50, L03-S08-05:55, L03-S08-06:00, L03-S08-06:05, L03-S08-06:10, L03-S08-06:15, L03-S08-06:20, L03-S08-06:25, L03-S08-06:30, L03-S08-06:35, L03-S08-06:40, L03-S08-06:45, L03-S08-06:50, L03-S08-06:55, L03-S08-07:00, L03-S08-07:05, L03-S08-07:10, L03-S08-07:15, L03-S08-07:20, L03-S08-07:25, L03-S08-07:30, L03-S08-07:35, L03-S08-07:40, L03-S08-07:45, L03-S08-07:50, L03-S08-07:55, L03-S08-08:00, L03-S08-08:05, L03-S08-08:10, L03-S08-08:15, L03-S08-08:20, L03-S08-08:25, L03-S08-08:30, L03-S08-08:35, L03-S08-08:40, L03-S08-08:45, L03-S08-08:50, L03-S08-08:55, L03-S08-09:00, L03-S08-09:05, L03-S08-09:10, L03-S08-09:15, L03-S08-09:20, L03-S08-09:25, L03-S08-09:30, L03-S08-09:35, L03-S08-09:40, L03-S08-09:45, L03-S08-09:50, L03-S08-09:55, L03-S08-10:00, L03-S08-10:05, L03-S08-10:10, L03-S08-10:15, L03-S08-10:20, L03-S08-10:25, L03-S08-10:30, L03-S08-10:35, L03-S08-10:40, L03-S08-10:45, L03-S08-10:50, L03-S08-10:55, L03-S08-11:00, L03-S08-11:05, L03-S08-11:10, L03-S08-11:15, L03-S08-11:20, L03-S08-11:25, L03-S08-11:30, L03-S08-11:35, L03-S08-11:40, L03-S08-11:45, L03-S08-11:50, L03-S08-11:55, L03-S08-12:00, L03-S08-12:05, L03-S08-12:10, L03-S08-12:15, L03-S08-12:20, L03-S08-12:25, L03-S08-12:30, L03-S08-12:35, L03-S08-12:40, L03-S08-12:45, L03-S08-12:50, L03-S08-12:55, L03-S08-13:00, L03-S08-13:05, L03-S08-13:10, L03-S08-13:15, L03-S08-13:20, L03-S08-13:25, L03-S08-13:30, L03-S08-13:35, L03-S08-13:40, L03-S08-13:45, L03-S08-13:50, L03-S08-13:55, L03-S08-14:00, L03-S08-14:05, L03-S08-14:10, L03-S08-14:15, L03-S08-14:20, L03-S08-14:25, L03-S08-14:30, L03-S08-14:35, L03-S08-14:40, L03-S08-14:45, L03-S08-14:50, L03-S08-14:55, L03-S08-15:00, L03-S08-15:05, L03-S08-15:10, L03-S08-15:15, L03-S08-15:20, L03-S08-15:25, L03-S08-15:30, L03-S08-15:35, L03-S08-15:40, L03-S08-15:45, L03-S08-15:50, L03-S08-15:55, L03-S08-16:00, L03-S08-16:05, L03-S08-16:10, L03-S08-16:15, L03-S08-16:20, L03-S08-16:25, L03-S08-16:30, L03-S08-16:35, L03-S08-16:40, L03-S08-16:45, L03-S08-16:50, L03-S08-16:55, L03-S08-17:00, L03-S08-17:05, L03-S08-17:10, L03-S08-17:15, L03-S08-17:20, L03-S08-17:25, L03-S08-17:30, L03-S08-17:35, L03-S08-17:40, L03-S08-17:45, L03-S08-17:50, L03-S08-17:55, L03-S08-18:00, L03-S08-18:05, L03-S08-18:10, L03-S08-18:15, L03-S08-18:20, L03-S08-18:25, L03-S08-18:30, L03-S08-18:35, L03-S08-18:40, L03-S08-18:45, L03-S08-18:50, L03-S08-18:55, L03-S08-19:00, L03-S08-19:05, L03-S08-19:10, L03-S08-19:15, L03-S08-19:20, L03-S08-19:25, L03-S08-19:30, L03-S08-19:35, L03-S08-19:40, L03-S08-19:45, L03-S08-19:50, L03-S08-19:55, L03-S08-20:00, L03-S08-20:05, L03-S08-20:10, L03-S08-20:15, L03-S08-20:20, L03-S08-20:25, L03-S08-20:30, L03-S08-20:35, L03-S08-20:40, L03-S08-20:45, L03-S08-20:50, L03-S08-20:55, L03-S08-21:00, L03-S08-21:05, L03-S08-21:10, L03-S08-21:15, L03-S08-21:20, L03-S08-21:25, L03-S08-21:30, L03-S08-21:35, L03-S08-21:40, L03-S08-21:45, L03-S08-21:50, L03-S08-21:55, L03-S08-22:00, L03-S08-22:05, L03-S08-22:10, L03-S08-22:15, L03-S08-22:20, L03-S08-22:25, L03-S08-22:30, L03-S08-22:35, L03-S08-22:40, L03-S08-22:45, L03-S08-22:50, L03-S08-22:55, L03-S08-23:00, L03-S08-23:05, L03-S08-23:10, L03-S08-23:15, L03-S08-23:20, L03-S08-23:25, L03-S08-23:30, L03-S08-23:35, L03-S08-23:40, L03-S08-23:45, L03-S08-23:50, L03-S08-23:55, L03-S08-00:00, L03-S08-00:05, L03-S08-00:10, L03-S08-00:15"
L04,S012,Oak Valley of Yellow Line,Direction Oak Valley - Willow Creek,"L04-S012-05:00, L04-S012-05:05, L04-S012-05:10, L04-S012-05:15, L04-S012-05:20, L04-S012-05:25, L04-S012-05:30, L04-S012-05:35, L04-S012-05:40, L04-S012-05:45, L04-S012-05:50, L04-S012-05:55, L04-S012-06:00, L04-S012-06:05, L04-S012-06:10, L04-S012-06:15, L04-S012-06:20, L04-S012-06:25, L04-S012-06:30, L04-S012-06:35, L04-S012-06:40, L04-S012-06:45, L04-S012-06:50, L04-S012-06:55, L04-S012-07:00, L04-S012-07:05, L04-S012-07:10, L04-S012-07:15, L04-S012-07:20, L04-S012-07:25, L04-S012-07:30, L04-S012-07:35, L04-S012-07:40, L04-S012-07:45, L04-S012-07:50, L04-S012-07:55, L04-S012-08:00, L04-S012-08:05, L04-S012-08:10, L04-S012-08:15, L04-S012-08:20, L04-S012-08:25, L04-S012-08:30, L04-S012-08:35, L04-S012-08:40, L04-S012-08:45, L04-S012-08:50, L04-S012-08:55, L04-S012-09:00, L04-S012-09:05, L04-S012-09:10, L04-S012-09:15, L04-S012-09:20, L04-S012-09:25, L04-S012-09:30, L04-S012-09:35, L04-S012-09:40, L04-S012-09:45, L04-S012-09:50, L04-S012-09:55, L04-S012-10:00, L04-S012-10:05, L04-S012-10:10, L04-S012-10:15, L04-S012-10:20, L04-S012-10:25, L04-S012-10:30, L04-S012-10:35, L04-S012-10:40, L04-S012-10:45, L04-S012-10:50, L04-S012-10:55, L04-S012-11:00, L04-S012-11:05, L04-S012-11:10, L04-S012-11:15, L04-S012-11:20, L04-S012-11:25, L04-S012-11:30, L04-S012-11:35, L04-S012-11:40, L04-S012-11:45, L04-S012-11:50, L04-S012-11:55, L04-S012-12:00, L04-S012-12:05, L04-S012-12:10, L04-S012-12:15, L04-S012-12:20, L04-S012-12:25, L04-S012-12:30, L04-S012-12:35, L04-S012-12:40, L04-S012-12:45, L04-S012-12:50, L04-S012-12:55, L04-S012-13:00, L04-S012-13:05, L04-S012-13:10, L04-S012-13:15, L04-S012-13:20, L04-S012-13:25, L04-S012-13:30, L04-S012-13:35, L04-S012-13:40, L04-S012-13:45, L04-S012-13:50, L04-S012-13:55, L04-S012-14:00, L04-S012-14:05, L04-S012-14:10, L04-S012-14:15, L04-S012-14:20, L04-S012-14:25, L04-S012-14:30, L04-S012-14:35, L04-S012-14:40, L04-S012-14:45, L04-S012-14:50, L04-S012-14:55, L04-S012-15:00, L04-S012-15:05, L04-S012-15:10, L04-S012-15:15, L04-S012-15:20, L04-S012-15:25, L04-S012-15:30, L04-S012-15:35, L04-S012-15:40, L04-S012-15:45, L04-S012-15:50, L04-S012-15:55, L04-S012-16:00, L04-S012-16:05, L04-S012-16:10, L04-S012-16:15, L04-S012-16:20, L04-S012-16:25, L04-S012-16:30, L04-S012-16:35, L04-S012-16:40, L04-S012-16:45, L04-S012-16:50, L04-S012-16:55, L04-S012-17:00, L04-S012-17:05, L04-S012-17:10, L04-S012-17:15, L04-S012-17:20, L04-S012-17:25, L04-S012-17:30, L04-S012-17:35, L04-S012-17:40, L04-S012-17:45, L04-S012-17:50, L04-S012-17:55, L04-S012-18:00, L04-S012-18:05, L04-S012-18:10, L04-S012-18:15, L04-S012-18:20, L04-S012-18:25, L04-S012-18:30, L04-S012-18:35, L04-S012-18:40, L04-S012-18:45, L04-S012-18:50, L04-S012-18:55, L04-S012-19:00, L04-S012-19:05, L04-S012-19:10, L04-S012-19:15, L04-S012-19:20, L04-S012-19:25, L04-S012-19:30, L04-S012-19:35, L04-S012-19:40, L04-S012-19:45, L04-S012-19:50, L04-S012-19:55, L04-S012-20:00, L04-S012-20:05, L04-S012-20:10, L04-S012-20:15, L04-S012-20:20, L04-S012-20:25, L04-S012-20:30, L04-S012-20:35, L04-S012-20:40, L04-S012-20:45, L04-S012-20:50, L04-S012-20:55, L04-S012-21:00, L04-S012-21:05, L04-S012-21:10, L04-S012-21:15, L04-S012-21:20, L04-S012-21:25, L04-S012-21:30, L04-S012-21:35, L04-S012-21:40, L04-S012-21:45, L04-S012-21:50, L04-S012-21:55, L04-S012-22:00, L04-S012-22:05, L04-S012-22:10, L04-S012-22:15, L04-S012-22:20, L04-S012-22:25, L04-S012-22:30, L04-S012-22:35, L04-S012-22:40, L04-S012-22:45, L04-S012-22:50, L04-S012-22:55, L04-S012-23:00, L04-S012-23:05, L04-S012-23:10, L04-S012-23:15, L04-S012-23:20, L04-S012-23:25, L04-S012-23:30, L04-S012-23:35, L04-S012-23:40, L04-S012-23:45, L04-S012-23:50, L04-S012-23:55"
L04,S05,Pine Tree of Yellow Line,Direction Oak Valley - Willow Creek,"L04-S05-05:05, L04-S05-05:10, L04-S05-05:15, L04-S05-05:20, L04-S05-05:25, L04-S05-05:30, L04-S05-05:35, L04-S05-05:40, L04-S05-05:45, L04-S05-05:50, L04-S05-05:55, L04-S05-06:00, L04-S05-06:05, L04-S05-06:10, L04-S05-06:15, L04-S05-06:20, L04-S05-06:25, L04-S05-06:30, L04-S05-06:35, L04-S05-06:40, L04-S05-06:45, L04-S05-06:50, L04-S05-06:55, L04-S05-07:00, L04-S05-07:05, L04-S05-07:10, L04-S05-07:15, L04-S05-07:20, L04-S05-07:25, L04-S05-07:30, L04-S05-07:35, L04-S05-07:40, L04-S05-07:45, L04-S05-07:50, L04-S05-07:55, L04-S05-08:00, L04-S05-08:05, L04-S05-08:10, L04-S05-08:15, L04-S05-08:20, L04-S05-08:25, L04-S05-08:30, L04-S05-08:35, L04-S05-08:40, L04-S05-08:45, L04-S05-08:50, L04-S05-08:55, L04-S05-09:00, L04-S05-09:05, L04-S05-09:10, L04-S05-09:15, L04-S05-09:20, L04-S05-09:25, L04-S05-09:30, L04-S05-09:35, L04-S05-09:40, L04-S05-09:45, L04-S05-09:50, L04-S05-09:55, L04-S05-10:00, L04-S05-10:05, L04-S05-10:10, L04-S05-10:15, L04-S05-10:20, L04-S05-10:25, L04-S05-10:30, L04-S05-10:35, L04-S05-10:40, L04-S05-10:45, L04-S05-10:50, L04-S05-10:55, L04-S05-11:00, L04-S05-11:05, L04-S05-11:10, L04-S05-11:15, L04-S05-11:20, L04-S05-11:25, L04-S05-11:30, L04-S05-11:35, L04-S05-11:40, L04-S05-11:45, L04-S05-11:50, L04-S05-11:55, L04-S05-12:00, L04-S05-12:05, L04-S05-12:10, L04-S05-12:15, L04-S05-12:20, L04-S05-12:25, L04-S05-12:30, L04-S05-12:35, L04-S05-12:40, L04-S05-12:45, L04-S05-12:50, L04-S05-12:55, L04-S05-13:00, L04-S05-13:05, L04-S05-13:10, L04-S05-13:15, L04-S05-13:20, L04-S05-13:25, L04-S05-13:30, L04-S05-13:35, L04-S05-13:40, L04-S05-13:45, L04-S05-13:50, L04-S05-13:55, L04-S05-14:00, L04-S05-14:05, L04-S05-14:10, L04-S05-14:15, L04-S05-14:20, L04-S05-14:25, L04-S05-14:30, L04-S05-14:35, L04-S05-14:40, L04-S05-14:45, L04-S05-14:50, L04-S05-14:55, L04-S05-15:00, L04-S05-15:05, L04-S05-15:10, L04-S05-15:15, L04-S05-15:20, L04-S05-15:25, L04-S05-15:30, L04-S05-15:35, L04-S05-15:40, L04-S05-15:45, L04-S05-15:50, L04-S05-15:55, L04-S05-16:00, L04-S05-16:05, L04-S05-16:10, L04-S05-16:15, L04-S05-16:20, L04-S05-16:25, L04-S05-16:30, L04-S05-16:35, L04-S05-16:40, L04-S05-16:45, L04-S05-16:50, L04-S05-16:55, L04-S05-17:00, L04-S05-17:05, L04-S05-17:10, L04-S05-17:15, L04-S05-17:20, L04-S05-17:25, L04-S05-17:30, L04-S05-17:35, L04-S05-17:40, L04-S05-17:45, L04-S05-17:50, L04-S05-17:55, L04-S05-18:00, L04-S05-18:05, L04-S05-18:10, L04-S05-18:15, L04-S05-18:20, L04-S05-18:25, L04-S05-18:30, L04-S05-18:35, L04-S05-18:40, L04-S05-18:45, L04-S05-18:50, L04-S05-18:55, L04-S05-19:00, L04-S05-19:05, L04-S05-19:10, L04-S05-19:15, L04-S05-19:20, L04-S05-19:25, L04-S05-19:30, L04-S05-19:35, L04-S05-19:40, L04-S05-19:45, L04-S05-19:50, L04-S05-19:55, L04-S05-20:00, L04-S05-20:05, L04-S05-20:10, L04-S05-20:15, L04-S05-20:20, L04-S05-20:25, L04-S05-20:30, L04-S05-20:35, L04-S05-20:40, L04-S05-20:45, L04-S05-20:50, L04-S05-20:55, L04-S05-21:00, L04-S05-21:05, L04-S05-21:10, L04-S05-21:15, L04-S05-21:20, L04-S05-21:25, L04-S05-21:30, L04-S05-21:35, L04-S05-21:40, L04-S05-21:45, L04-S05-21:50, L04-S05-21:55, L04-S05-22:00, L04-S05-22:05, L04-S05-22:10, L04-S05-22:15, L04-S05-22:20, L04-S05-22:25, L04-S05-22:30, L04-S05-22:35, L04-S05-22:40, L04-S05-22:45, L04-S05-22:50, L04-S05-22:55, L04-S05-23:00, L04-S05-23:05, L04-S05-23:10, L04-S05-23:15, L04-S05-23:20, L04-S05-23:25, L04-S05-23:30, L04-S05-23:35, L04-S05-23:40, L04-S05-23:45, L04-S05-23:50, L04-S05-23:55, L04-S05-00:00"
L04,S06,Mountain Peak of Yellow Line,Direction Oak Valley - Willow Creek,"L04-S06-05:10, L04-S06-05:15, L04-S06-05:20, L04-S06-05:25, L04-S06-05:30, L04-S06-05:35, L04-S06-05:40, L04-S06-05:45, L04-S06-05:50, L04-S06-05:55, L04-S06-06:00, L04-S06-06:05, L04-S06-06:10, L04-S06-06:15, L04-S06-06:20, L04-S06-06:25, L04-S06-06:30, L04-S06-06:35, L04-S06-06:40, L04-S06-06:45, L04-S06-06:50, L04-S06-06:55, L04-S06-07:00, L04-S06-07:05, L04-S06-07:10, L04-S06-07:15, L04-S06-07:20, L04-S06-07:25, L04-S06-07:30, L04-S06-07:35, L04-S06-07:40, L04-S06-07:45, L04-S06-07:50, L04-S06-07:55, L04-S06-08:00, L04-S06-08:05, L04-S06-08:10, L04-S06-08:15, L04-S06-08:20, L04-S06-08:25, L04-S06-08:30, L04-S06-08:35, L04-S06-08:40, L04-S06-08:45, L04-S06-08:50, L04-S06-08:55, L04-S06-09:00, L04-S06-09:05, L04-S06-09:10, L04-S06-09:15, L04-S06-09:20, L04-S06-09:25, L04-S06-09:30, L04-S06-09:35, L04-S06-09:40, L04-S06-09:45, L04-S06-09:50, L04-S06-09:55, L04-S06-10:00, L04-S06-10:05, L04-S06-10:10, L04-S06-10:15, L04-S06-10:20, L04-S06-10:25, L04-S06-10:30, L04-S06-10:35, L04-S06-10:40, L04-S06-10:45, L04-S06-10:50, L04-S06-10:55, L04-S06-11:00, L04-S06-11:05, L04-S06-11:10, L04-S06-11:15, L04-S06-11:20, L04-S06-11:25, L04-S06-11:30, L04-S06-11:35, L04-S06-11:40, L04-S06-11:45, L04-S06-11:50, L04-S06-11:55, L04-S06-12:00, L04-S06-12:05, L04-S06-12:10, L04-S06-12:15, L04-S06-12:20, L04-S06-12:25, L04-S06-12:30, L04-S06-12:35, L04-S06-12:40, L04-S06-12:45, L04-S06-12:50, L04-S06-12:55, L04-S06-13:00, L04-S06-13:05, L04-S06-13:10, L04-S06-13:15, L04-S06-13:20, L04-S06-13:25, L04-S06-13:30, L04-S06-13:35, L04-S06-13:40, L04-S06-13:45, L04-S06-13:50, L04-S06-13:55, L04-S06-14:00, L04-S06-14:05, L04-S06-14:10, L04-S06-14:15, L04-S06-14:20, L04-S06-14:25, L04-S06-14:30, L04-S06-14:35, L04-S06-14:40, L04-S06-14:45, L04-S06-14:50, L04-S06-14:55, L04-S06-15:00, L04-S06-15:05, L04-S06-15:10, L04-S06-15:15, L04-S06-15:20, L04-S06-15:25, L04-S06-15:30, L04-S06-15:35, L04-S06-15:40, L04-S06-15:45, L04-S06-15:50, L04-S06-15:55, L04-S06-16:00, L04-S06-16:05, L04-S06-16:10, L04-S06-16:15, L04-S06-16:20, L04-S06-16:25, L04-S06-16:30, L04-S06-16:35, L04-S06-16:40, L04-S06-16:45, L04-S06-16:50, L04-S06-16:55, L04-S06-17:00, L04-S06-17:05, L04-S06-17:10, L04-S06-17:15, L04-S06-17:20, L04-S06-17:25, L04-S06-17:30, L04-S06-17:35, L04-S06-17:40, L04-S06-17:45, L04-S06-17:50, L04-S06-17:55, L04-S06-18:00, L04-S06-18:05, L04-S06-18:10, L04-S06-18:15, L04-S06-18:20, L04-S06-18:25, L04-S06-18:30, L04-S06-18:35, L04-S06-18:40, L04-S06-18:45, L04-S06-18:50, L04-S06-18:55, L04-S06-19:00, L04-S06-19:05, L04-S06-19:10, L04-S06-19:15, L04-S06-19:20, L04-S06-19:25, L04-S06-19:30, L04-S06-19:35, L04-S06-19:40, L04-S06-19:45, L04-S06-19:50, L04-S06-19:55, L04-S06-20:00, L04-S06-20:05, L04-S06-20:10, L04-S06-20:15, L04-S06-20:20, L04-S06-20:25, L04-S06-20:30, L04-S06-20:35, L04-S06-20:40, L04-S06-20:45, L04-S06-20:50, L04-S06-20:55, L04-S06-21:00, L04-S06-21:05, L04-S06-21:10, L04-S06-21:15, L04-S06-21:20, L04-S06-21:25, L04-S06-21:30, L04-S06-21:35, L04-S06-21:40, L04-S06-21:45, L04-S06-21:50, L04-S06-21:55, L04-S06-22:00, L04-S06-22:05, L04-S06-22:10, L04-S06-22:15, L04-S06-22:20, L04-S06-22:25, L04-S06-22:30, L04-S06-22:35, L04-S06-22:40, L04-S06-22:45, L04-S06-22:50, L04-S06-22:55, L04-S06-23:00, L04-S06-23:05, L04-S06-23:10, L04-S06-23:15, L04-S06-23:20, L04-S06-23:25, L04-S06-23:30, L04-S06-23:35, L04-S06-23:40, L04-S06-23:45, L04-S06-23:50, L04-S06-23:55, L04-S06-00:00, L04-S06-00:05"
L04,S016,Emerald City of Yellow Line,Direction Oak Valley - Willow Creek,"L04-S016-05:15, L04-S016-05:20, L04-S016-05:25, L04-S016-05:30, L04-S016-05:35, L04-S016-05:40, L04-S016-05:45, L04-S016-05:50, L04-S016-05:55, L04-S016-06:00, L04-S016-06:05, L04-S016-06:10, L04-S016-06:15, L04-S016-06:20, L04-S016-06:25, L04-S016-06:30, L04-S016-06:35, L04-S016-06:40, L04-S016-06:45, L04-S016-06:50, L04-S016-06:55, L04-S016-07:00, L04-S016-07:05, L04-S016-07:10, L04-S016-07:15, L04-S016-07:20, L04-S016-07:25, L04-S016-07:30, L04-S016-07:35, L04-S016-07:40, L04-S016-07:45, L04-S016-07:50, L04-S016-07:55, L04-S016-08:00, L04-S016-08:05, L04-S016-08:10, L04-S016-08:15, L04-S016-08:20, L04-S016-08:25, L04-S016-08:30, L04-S016-08:35, L04-S016-08:40, L04-S016-08:45, L04-S016-08:50, L04-S016-08:55, L04-S016-09:00, L04-S016-09:05, L04-S016-09:10, L04-S016-09:15, L04-S016-09:20, L04-S016-09:25, L04-S016-09:30, L04-S016-09:35, L04-S016-09:40, L04-S016-09:45, L04-S016-09:50, L04-S016-09:55, L04-S016-10:00, L04-S016-10:05, L04-S016-10:10, L04-S016-10:15, L04-S016-10:20, L04-S016-10:25, L04-S016-10:30, L04-S016-10:35, L04-S016-10:40, L04-S016-10:45, L04-S016-10:50, L04-S016-10:55, L04-S016-11:00, L04-S016-11:05, L04-S016-11:10, L04-S016-11:15, L04-S016-11:20, L04-S016-11:25, L04-S016-11:30, L04-S016-11:35, L04-S016-11:40, L04-S016-11:45, L04-S016-11:50, L04-S016-11:55, L04-S016-12:00, L04-S016-12:05, L04-S016-12:10, L04-S016-12:15, L04-S016-12:20, L04-S016-12:25, L04-S016-12:30, L04-S016-12:35, L04-S016-12:40, L04-S016-12:45, L04-S016-12:50, L04-S016-12:55, L04-S016-13:00, L04-S016-13:05, L04-S016-13:10, L04-S016-13:15, L04-S016-13:20, L04-S016-13:25, L04-S016-13:30, L04-S016-13:35, L04-S016-13:40, L04-S016-13:45, L04-S016-13:50, L04-S016-13:55, L04-S016-14:00, L04-S016-14:05, L04-S016-14:10, L04-S016-14:15, L04-S016-14:20, L04-S016-14:25, L04-S016-14:30, L04-S016-14:35, L04-S016-14:40, L04-S016-14:45, L04-S016-14:50, L04-S016-14:55, L04-S016-15:00, L04-S016-15:05, L04-S016-15:10, L04-S016-15:15, L04-S016-15:20, L04-S016-15:25, L04-S016-15:30, L04-S016-15:35, L04-S016-15:40, L04-S016-15:45, L04-S016-15:50, L04-S016-15:55, L04-S016-16:00, L04-S016-16:05, L04-S016-16:10, L04-S016-16:15, L04-S016-16:20, L04-S016-16:25, L04-S016-16:30, L04-S016-16:35, L04-S016-16:40, L04-S016-16:45, L04-S016-16:50, L04-S016-16:55, L04-S016-17:00, L04-S016-17:05, L04-S016-17:10, L04-S016-17:15, L04-S016-17:20, L04-S016-17:25, L04-S016-17:30, L04-S016-17:35, L04-S016-17:40, L04-S016-17:45, L04-S016-17:50, L04-S016-17:55, L04-S016-18:00, L04-S016-18:05, L04-S016-18:10, L04-S016-18:15, L04-S016-18:20, L04-S016-18:25, L04-S016-18:30, L04-S016-18:35, L04-S016-18:40, L04-S016-18:45, L04-S016-18:50, L04-S016-18:55, L04-S016-19:00, L04-S016-19:05, L04-S016-19:10, L04-S016-19:15, L04-S016-19:20, L04-S016-19:25, L04-S016-19:30, L04-S016-19:35, L04-S016-19:40, L04-S016-19:45, L04-S016-19:50, L04-S016-19:55, L04-S016-20:00, L04-S016-20:05, L04-S016-20:10, L04-S016-20:15, L04-S016-20:20, L04-S016-20:25, L04-S016-20:30, L04-S016-20:35, L04-S016-20:40, L04-S016-20:45, L04-S016-20:50, L04-S016-20:55, L04-S016-21:00, L04-S016-21:05, L04-S016-21:10, L04-S016-21:15, L04-S016-21:20, L04-S016-21:25, L04-S016-21:30, L04-S016-21:35, L04-S016-21:40, L04-S016-21:45, L04-S016-21:50, L04-S016-21:55, L04-S016-22:00, L04-S016-22:05, L04-S016-22:10, L04-S016-22:15, L04-S016-22:20, L04-S016-22:25, L04-S016-22:30, L04-S016-22:35, L04-S016-22:40, L04-S016-22:45, L04-S016-22:50, L04-S016-22:55, L04-S016-23:00, L04-S016-23:05, L04-S016-23:10, L04-S016-23:15, L04-S016-23:20, L04-S016-23:25, L04-S016-23:30, L04-S016-23:35, L04-S016-23:40, L04-S016-23:45, L04-S016-23:50, L04-S016-23:55, L04-S016-00:00, L04-S016-00:05, L04-S016-00:10"
L04,S015,Willow Creek of Yellow Line,Direction Oak Valley - Willow Creek,"L04-S015-05:20, L04-S015-05:25, L04-S015-05:30, L04-S015-05:35, L04-S015-05:40, L04-S015-05:45, L04-S015-05:50, L04-S015-05:55, L04-S015-06:00, L04-S015-06:05, L04-S015-06:10, L04-S015-06:15, L04-S015-06:20, L04-S015-06:25, L04-S015-06:30, L04-S015-06:35, L04-S015-06:40, L04-S015-06:45, L04-S015-06:50, L04-S015-06:55, L04-S015-07:00, L04-S015-07:05, L04-S015-07:10, L04-S015-07:15, L04-S015-07:20, L04-S015-07:25, L04-S015-07:30, L04-S015-07:35, L04-S015-07:40, L04-S015-07:45, L04-S015-07:50, L04-S015-07:55, L04-S015-08:00, L04-S015-08:05, L04-S015-08:10, L04-S015-08:15, L04-S015-08:20, L04-S015-08:25, L04-S015-08:30, L04-S015-08:35, L04-S015-08:40, L04-S015-08:45, L04-S015-08:50, L04-S015-08:55, L04-S015-09:00, L04-S015-09:05, L04-S015-09:10, L04-S015-09:15, L04-S015-09:20, L04-S015-09:25, L04-S015-09:30, L04-S015-09:35, L04-S015-09:40, L04-S015-09:45, L04-S015-09:50, L04-S015-09:55, L04-S015-10:00, L04-S015-10:05, L04-S015-10:10, L04-S015-10:15, L04-S015-10:20, L04-S015-10:25, L04-S015-10:30, L04-S015-10:35, L04-S015-10:40, L04-S015-10:45, L04-S015-10:50, L04-S015-10:55, L04-S015-11:00, L04-S015-11:05, L04-S015-11:10, L04-S015-11:15, L04-S015-11:20, L04-S015-11:25, L04-S015-11:30, L04-S015-11:35, L04-S015-11:40, L04-S015-11:45, L04-S015-11:50, L04-S015-11:55, L04-S015-12:00, L04-S015-12:05, L04-S015-12:10, L04-S015-12:15, L04-S015-12:20, L04-S015-12:25, L04-S015-12:30, L04-S015-12:35, L04-S015-12:40, L04-S015-12:45, L04-S015-12:50, L04-S015-12:55, L04-S015-13:00, L04-S015-13:05, L04-S015-13:10, L04-S015-13:15, L04-S015-13:20, L04-S015-13:25, L04-S015-13:30, L04-S015-13:35, L04-S015-13:40, L04-S015-13:45, L04-S015-13:50, L04-S015-13:55, L04-S015-14:00, L04-S015-14:05, L04-S015-14:10, L04-S015-14:15, L04-S015-14:20, L04-S015-14:25, L04-S015-14:30, L04-S015-14:35, L04-S015-14:40, L04-S015-14:45, L04-S015-14:50, L04-S015-14:55, L04-S015-15:00, L04-S015-15:05, L04-S015-15:10, L04-S015-15:15, L04-S015-15:20, L04-S015-15:25, L04-S015-15:30, L04-S015-15:35, L04-S015-15:40, L04-S015-15:45, L04-S015-15:50, L04-S015-15:55, L04-S015-16:00, L04-S015-16:05, L04-S015-16:10, L04-S015-16:15, L04-S015-16:20, L04-S015-16:25, L04-S015-16:30, L04-S015-16:35, L04-S015-16:40, L04-S015-16:45, L04-S015-16:50, L04-S015-16:55, L04-S015-17:00, L04-S015-17:05, L04-S015-17:10, L04-S015-17:15, L04-S015-17:20, L04-S015-17:25, L04-S015-17:30, L04-S015-17:35, L04-S015-17:40, L04-S015-17:45, L04-S015-17:50, L04-S015-17:55, L04-S015-18:00, L04-S015-18:05, L04-S015-18:10, L04-S015-18:15, L04-S015-18:20, L04-S015-18:25, L04-S015-18:30, L04-S015-18:35, L04-S015-18:40, L04-S015-18:45, L04-S015-18:50, L04-S015-18:55, L04-S015-19:00, L04-S015-19:05, L04-S015-19:10, L04-S015-19:15, L04-S015-19:20, L04-S015-19:25, L04-S015-19:30, L04-S015-19:35, L04-S015-19:40, L04-S015-19:45, L04-S015-19:50, L04-S015-19:55, L04-S015-20:00, L04-S015-20:05, L04-S015-20:10, L04-S015-20:15, L04-S015-20:20, L04-S015-20:25, L04-S015-20:30, L04-S015-20:35, L04-S015-20:40, L04-S015-20:45, L04-S015-20:50, L04-S015-20:55, L04-S015-21:00, L04-S015-21:05, L04-S015-21:10, L04-S015-21:15, L04-S015-21:20, L04-S015-21:25, L04-S015-21:30, L04-S015-21:35, L04-S015-21:40, L04-S015-21:45, L04-S015-21:50, L04-S015-21:55, L04-S015-22:00, L04-S015-22:05, L04-S015-22:10, L04-S015-22:15, L04-S015-22:20, L04-S015-22:25, L04-S015-22:30, L04-S015-22:35, L04-S015-22:40, L04-S015-22:45, L04-S015-22:50, L04-S015-22:55, L04-S015-23:00, L04-S015-23:05, L04-S015-23:10, L04-S015-23:15, L04-S015-23:20, L04-S015-23:25, L04-S015-23:30, L04-S015-23:35, L04-S015-23:40, L04-S015-23:45, L04-S015-23:50, L04-S015-23:55, L04-S015-00:00, L04-S015-00:05, L04-S015-00:10, L04-S015-00:15"
